Predictor,Workload,Run,TraceSize,Status,ExecTime,Instr,Cycles,IPC,NumBr,MispBr,BrPerCyc,MispBrPerCyc,MR,MPKI,CycWP,CycWPAvg,CycWPPKI,50PercInstr,50PercCycles,50PercIPC,50PercNumBr,50PercMispBr,50PercBrPerCyc,50PercMispBrPerCyc,50PercMR,50PercMPKI,50PercCycWP,50PercCycWPAvg,50PercCycWPPKI
koizumi,compress,compress_0_trace,334.9084711074829,Pass,995.3638610839844,120000052,25190628,4.7637,11747875,371617,0.4664,0.0148,3.1633%,3.0968,13581663,36.5475,113.1805,60000052,11740306,5.1106,5895554,183468,0.5022,0.0156,3.1120%,3.0578,6217511,33.8888,103.6251
koizumi,compress,compress_1_trace,108.6102991104126,Pass,313.11819434165955,30778699,6490431,4.7422,3314657,46554,0.5107,0.0072,1.4045%,1.5125,1245334,26.7503,40.4609,15778699,2967054,5.318,1700956,25091,0.5733,0.0085,1.4751%,1.5902,585915,23.3516,37.1333
koizumi,compress,compress_2_trace,111.43396472930908,Pass,332.95354771614075,32339109,6590871,4.9067,3601347,43797,0.5464,0.0066,1.2161%,1.3543,1197789,27.3487,37.0384,16339109,2987806,5.4686,1821008,23764,0.6095,0.008,1.3050%,1.4544,572213,24.079,35.0211
koizumi,compress,compress_3_trace,334.29114055633545,Pass,1025.6607553958893,130000020,58111256,2.2371,15702832,995109,0.2702,0.0171,6.3371%,7.6547,46104586,46.3312,354.6506,65000020,25635027,2.5356,7896218,467672,0.308,0.0182,5.9227%,7.195,19294379,41.2562,296.8365
koizumi,compress,compress_4_trace,108.21294689178468,Pass,312.9553246498108,31160801,6507242,4.7886,3496423,50783,0.5373,0.0078,1.4524%,1.6297,1387309,27.3184,44.521,16160801,2978148,5.4265,1816226,24346,0.6099,0.0082,1.3405%,1.5065,619912,25.4626,38.359
koizumi,compress,compress_5_trace,111.82196044921876,Pass,333.2414972782135,33811883,6914769,4.8898,3890650,58624,0.5627,0.0085,1.5068%,1.7338,1600783,27.3059,47.3438,17811883,3200263,5.5658,2056891,27497,0.6427,0.0086,1.3368%,1.5437,723477,26.3111,40.6177
koizumi,compress,compress_6_trace,111.95520496368408,Pass,343.92313170433044,33826271,6921858,4.8869,3887104,57186,0.5616,0.0083,1.4712%,1.6906,1567384,27.4085,46.3363,17826271,3199954,5.5708,2060235,26675,0.6438,0.0083,1.2948%,1.4964,706002,26.4668,39.6046
koizumi,compress,compress_7_trace,399.4104585647583,Pass,1224.2892999649048,130000052,23643568,5.4983,15042451,234866,0.6362,0.0099,1.5614%,1.8067,6330516,26.9537,48.6963,65000052,12037691,5.3997,7447474,143207,0.6187,0.0119,1.9229%,2.2032,3615633,25.2476,55.6251
koizumi,fp,fp_0_trace,64.73471260070801,Pass,263.5502281188965,30000052,6805679,4.4081,1619852,96566,0.238,0.0142,5.9614%,3.2189,3025124,31.327,100.8373,15000052,3428869,4.3746,807780,49577,0.2356,0.0145,6.1374%,3.3051,1550467,31.2739,103.3641
koizumi,fp,fp_10_trace,270.7881956100464,Pass,556.1448841094971,40000016,6801075,5.8814,3492402,79027,0.5135,0.0116,2.2628%,1.9757,1728872,21.877,43.2218,20000016,3342187,5.9841,1748758,37948,0.5232,0.0114,2.1700%,1.8974,831903,21.9222,41.5951
koizumi,fp,fp_11_trace,297.7953281402588,Pass,572.5020158290863,40000016,7527823,5.3136,3526510,22584,0.4685,0.003,0.6404%,0.5646,501529,22.2073,12.5382,20000016,3636246,5.5002,1776440,11079,0.4885,0.003,0.6237%,0.5539,237501,21.437,11.875
koizumi,fp,fp_12_trace,48.49573421478272,Pass,453.7376527786255,40000016,7936878,5.0398,4420257,41175,0.5569,0.0052,0.9315%,1.0294,2768141,67.2287,69.2035,20000016,3852396,5.1916,2222665,18091,0.577,0.0047,0.8139%,0.9045,1227491,67.8509,61.3745
koizumi,fp,fp_13_trace,84.63656806945801,Pass,401.5779688358307,40000016,14923711,2.6803,6454282,488895,0.4325,0.0328,7.5747%,12.2224,10380957,21.2335,259.5238,20000016,7296870,2.7409,3233671,243736,0.4432,0.0334,7.5374%,12.1868,5082926,20.8542,254.1461
koizumi,fp,fp_1_trace,42.69381523132324,Pass,257.3416495323181,30000052,30108628,0.9964,5950800,447969,0.1976,0.0149,7.5279%,14.9323,26386222,58.9019,879.5392,15000052,15052917,0.9965,2965791,224725,0.197,0.0149,7.5772%,14.9816,13202420,58.7492,880.1583
koizumi,fp,fp_2_trace,113.98153591156006,Pass,359.4273660182953,30000052,6142445,4.8841,2471756,72734,0.4024,0.0118,2.9426%,2.4245,2619506,36.0149,87.3167,15000052,3025568,4.9578,1232306,36837,0.4073,0.0122,2.9893%,2.4558,1311156,35.5935,87.4101
koizumi,fp,fp_3_trace,223.02585411071777,Pass,420.9335381984711,30000052,12652691,2.371,1539997,54698,0.1217,0.0043,3.5518%,1.8233,6494551,118.7347,216.4847,15000052,6310653,2.3769,770204,27713,0.122,0.0044,3.5981%,1.8475,3283934,118.498,218.9282
koizumi,fp,fp_4_trace,106.30326175689696,Pass,363.4077522754669,30000052,6439055,4.6591,2573337,15356,0.3996,0.0024,0.5967%,0.5119,872534,56.8204,29.0844,15000052,2602061,5.7647,1285217,6226,0.4939,0.0024,0.4844%,0.4151,274117,44.0278,18.2744
koizumi,fp,fp_5_trace,332.9483413696289,Pass,587.0030176639557,40000016,7564370,5.288,740391,37001,0.0979,0.0049,4.9975%,0.925,1278461,34.5521,31.9615,20000016,3746266,5.3387,370890,18373,0.099,0.0049,4.9538%,0.9186,637788,34.7133,31.8894
koizumi,fp,fp_6_trace,63.58891201019287,Pass,415.1288805007935,40000016,5742217,6.966,7034423,36490,1.225,0.0064,0.5187%,0.9122,1399155,38.3435,34.9789,20000016,2789821,7.1689,3515104,17192,1.26,0.0062,0.4891%,0.8596,657561,38.2481,32.878
koizumi,fp,fp_7_trace,159.0718936920166,Pass,506.6975600719452,40000016,7713169,5.1859,4716883,39219,0.6115,0.0051,0.8315%,0.9805,1751473,44.6588,43.7868,20000016,3636070,5.5004,2394520,16563,0.6585,0.0046,0.6917%,0.8281,740254,44.6932,37.0127
koizumi,fp,fp_8_trace,211.10272789001465,Pass,501.754896402359,40000016,10785121,3.7088,2322129,147500,0.2153,0.0137,6.3519%,3.6875,4624569,31.353,115.6142,20000016,5644541,3.5432,1347173,101477,0.2387,0.018,7.5326%,5.0738,3173260,31.2707,158.6629
koizumi,fp,fp_9_trace,143.53112411499023,Pass,511.7180047035217,40000016,16111749,2.4827,5012816,163134,0.3111,0.0101,3.2543%,4.0783,11252988,68.98,281.3246,20000016,7665587,2.6091,2500178,86192,0.3262,0.0112,3.4474%,4.3096,5322396,61.7505,266.1196
koizumi,infra,infra_0_trace,94.09143447875977,Pass,413.4789206981659,40000016,8732632,4.5805,5140781,36392,0.5887,0.0042,0.7079%,0.9098,1368529,37.6052,34.2132,20000016,4341940,4.6062,2582400,18179,0.5948,0.0042,0.7040%,0.9089,728537,40.0757,36.4268
koizumi,infra,infra_10_trace,117.67702960968018,Pass,482.16084718704224,50000052,18120140,2.7594,6548159,250784,0.3614,0.0138,3.8298%,5.0157,12825586,51.142,256.5115,25000052,6149282,4.0655,3150015,107786,0.5123,0.0175,3.4218%,4.3114,3889741,36.0876,155.5893
koizumi,infra,infra_11_trace,209.3641147613525,Pass,491.60240602493286,50000052,18209515,2.7458,7754708,48642,0.4259,0.0027,0.6273%,0.9728,3741765,76.9246,74.8352,25000052,9174910,2.7248,3881908,23541,0.4231,0.0026,0.6064%,0.9416,2154903,91.5383,86.1959
koizumi,infra,infra_12_trace,207.5736560821533,Pass,502.58179450035095,50000052,17403690,2.873,7862103,47624,0.4517,0.0027,0.6057%,0.9525,3278006,68.831,65.5601,25000052,8297791,3.0129,3927069,22650,0.4733,0.0027,0.5768%,0.906,1624880,71.7386,64.9951
koizumi,infra,infra_13_trace,139.63556957244873,Pass,469.4392621517181,50000052,20101636,2.4874,6532412,191733,0.325,0.0095,2.9351%,3.8347,13288020,69.3048,265.7601,25000052,9508221,2.6293,3378036,78012,0.3553,0.0082,2.3094%,3.1205,4995831,64.0393,199.8328
koizumi,infra,infra_14_trace,118.4549331665039,Pass,470.34634137153625,50000052,17624387,2.837,6536492,253167,0.3709,0.0144,3.8731%,5.0633,12505981,49.3981,250.1194,25000052,6117851,4.0864,3156210,107271,0.5159,0.0175,3.3987%,4.2908,3864252,36.0233,154.5698
koizumi,infra,infra_15_trace,101.22027969360352,Pass,456.6180903911591,50000052,34158905,1.4637,6957507,408379,0.2037,0.012,5.8696%,8.1676,29629689,72.5544,592.5932,25000052,6174237,4.0491,3466846,134438,0.5615,0.0218,3.8778%,5.3775,3888834,28.9266,155.553
koizumi,infra,infra_1_trace,175.13615703582764,Pass,389.7229917049408,37799521,8165750,4.629,4337669,11166,0.5312,0.0014,0.2574%,0.2954,572437,51.2661,15.144,19799521,3716626,5.3273,2263258,2786,0.609,0.0007,0.1231%,0.1407,113562,40.7617,5.7356
koizumi,infra,infra_2_trace,221.61112022399905,Pass,788.2179172039032,47546686,10496113,4.5299,5818731,14457,0.5544,0.0014,0.2485%,0.3041,574138,39.7135,12.0752,24546686,4235508,5.7955,2997214,2267,0.7076,0.0005,0.0756%,0.0924,55044,24.2805,2.2424
koizumi,infra,infra_3_trace,83.57435989379883,Pass,413.5093631744385,40000016,7946526,5.0336,5433078,27847,0.6837,0.0035,0.5125%,0.6962,951363,34.1639,23.7841,20000016,3943157,5.0721,2737308,12475,0.6942,0.0032,0.4557%,0.6237,450383,36.1028,22.5191
koizumi,infra,infra_4_trace,84.87091732025146,Pass,453.1726813316345,40000016,23474451,1.704,5988066,80398,0.2551,0.0034,1.3426%,2.0099,11665589,145.098,291.6396,20000016,11699777,1.7094,2971304,39596,0.254,0.0034,1.3326%,1.9798,5777223,145.9042,288.8609
koizumi,infra,infra_5_trace,58.87110328674317,Pass,481.3149154186249,40000016,34366749,1.1639,7268207,79806,0.2115,0.0023,1.0980%,1.9951,26169827,327.918,654.2454,20000016,22059423,0.9066,3539219,54643,0.1604,0.0025,1.5439%,2.7321,18214417,333.3349,910.7201
koizumi,infra,infra_6_trace,168.09687328338623,Pass,676.8057601451874,64718349,15287094,4.2335,9187928,74973,0.601,0.0049,0.8160%,1.1585,3027462,40.3807,46.779,32718349,7688474,4.2555,5004718,36371,0.6509,0.0047,0.7267%,1.1116,1733807,47.67,52.9919
koizumi,infra,infra_7_trace,65.31903553009033,Pass,474.88380432128906,40000016,21719239,1.8417,6716982,47656,0.3093,0.0022,0.7095%,1.1914,8082036,169.5912,202.0508,20000016,11154724,1.793,3345402,13110,0.2999,0.0012,0.3919%,0.6555,3383715,258.1018,169.1856
koizumi,infra,infra_8_trace,54.09443473815918,Pass,490.30548310279846,40000016,24528898,1.6307,7460282,49863,0.3041,0.002,0.6684%,1.2466,15824234,317.3542,395.6057,20000016,12234634,1.6347,3730712,24748,0.3049,0.002,0.6634%,1.2374,7872813,318.1192,393.6403
koizumi,infra,infra_9_trace,141.69822597503662,Pass,492.7198534011841,50000052,28871741,1.7318,7203244,224144,0.2495,0.0078,3.1117%,4.4829,19253949,85.8999,385.0786,25000052,17006924,1.47,3405201,170006,0.2002,0.01,4.9925%,6.8002,14367422,84.5113,574.6957
koizumi,int,int_0_trace,137.11144542694092,Pass,655.0600152015686,40000041,14485249,2.7614,6223265,193674,0.4296,0.0134,3.1121%,4.8418,9764743,50.4185,244.1183,20000041,6413242,3.1186,3076555,94280,0.4797,0.0147,3.0645%,4.714,4168667,44.2158,208.4329
koizumi,int,int_10_trace,204.85591316223145,Pass,959.9319713115692,60000052,9630209,6.2304,7032592,29798,0.7303,0.0031,0.4237%,0.4966,832235,27.9292,13.8706,30000052,4449342,6.7426,3499163,13868,0.7864,0.0031,0.3963%,0.4623,327520,23.617,10.9173
koizumi,int,int_11_trace,203.19092559814453,Pass,909.3859040737152,60000052,16085439,3.7301,4130584,233239,0.2568,0.0145,5.6466%,3.8873,8642130,37.0527,144.0354,30000052,8035514,3.7334,2064453,117591,0.2569,0.0146,5.6960%,3.9197,4350347,36.9956,145.0113
koizumi,int,int_12_trace,204.59925079345703,Pass,1008.0138692855836,59999603,18386568,3.2632,6357220,25062,0.3458,0.0014,0.3942%,0.4177,975429,38.9206,16.2573,30999603,4921382,6.299,4522132,23828,0.9189,0.0048,0.5269%,0.7687,895436,37.5792,28.8854
koizumi,int,int_13_trace,32.30572509765625,Pass,645.2717201709747,40000052,6182018,6.4704,4243961,34055,0.6865,0.0055,0.8024%,0.8514,1012438,29.7295,25.3109,20000052,3022758,6.6165,2111572,15442,0.6986,0.0051,0.7313%,0.7721,480489,31.1157,24.0244
koizumi,int,int_14_trace,177.29002475738525,Pass,723.4729058742523,39999640,6970145,5.7387,7635435,14853,1.0954,0.0021,0.1945%,0.3713,378794,25.5029,9.4699,20999640,3389008,6.1964,3974167,6308,1.1727,0.0019,0.1587%,0.3004,146101,23.1612,6.9573
koizumi,int,int_15_trace,98.1560001373291,Pass,1013.2058691978456,70000157,18434981,3.7971,9192864,30223,0.4987,0.0016,0.3288%,0.4318,1758620,58.1881,25.1231,35000157,9250308,3.7837,4669511,28649,0.5048,0.0031,0.6135%,0.8185,1403359,48.9846,40.0958
koizumi,int,int_16_trace,128.2670030593872,Pass,724.4386060237885,40000031,17282983,2.3144,6733574,228007,0.3896,0.0132,3.3861%,5.7002,5462379,23.9571,136.5594,20000031,7225409,2.768,3364149,116542,0.4656,0.0161,3.4642%,5.8271,2648919,22.7293,132.4457
koizumi,int,int_17_trace,128.60758018493652,Pass,733.12056183815,39999987,15422090,2.5937,6659971,190269,0.4318,0.0123,2.8569%,4.7567,4582855,24.0862,114.5714,20999987,6044880,3.474,3432362,84991,0.5678,0.0141,2.4762%,4.0472,1954821,23.0003,93.0868
koizumi,int,int_18_trace,108.31880569458008,Pass,776.5946340560913,39999864,10601355,3.7731,9457814,25200,0.8921,0.0024,0.2664%,0.63,1197915,47.5363,29.948,20999864,5044956,4.1625,4985263,10096,0.9882,0.002,0.2025%,0.4808,421849,41.7838,20.0882
koizumi,int,int_19_trace,184.28955841064453,Pass,735.5926094055176,40000052,7938222,5.0389,5852871,30411,0.7373,0.0038,0.5196%,0.7603,1303611,42.8664,32.5902,20000052,3747703,5.3366,2929049,11670,0.7816,0.0031,0.3984%,0.5835,543955,46.6114,27.1977
koizumi,int,int_1_trace,92.84952068328856,Pass,554.0543665885925,30000052,17735515,1.6915,5301134,292535,0.2989,0.0165,5.5183%,9.7511,13731313,46.939,457.7096,15000052,8421704,1.7811,2642836,144603,0.3138,0.0172,5.4715%,9.6402,6452159,44.6198,430.1424
koizumi,int,int_20_trace,187.00185585021973,Pass,948.872925043106,60000051,16726402,3.5871,9561405,139830,0.5716,0.0084,1.4624%,2.3305,4652217,33.2705,77.5369,30000051,6834915,4.3892,4877083,65666,0.7136,0.0096,1.3464%,2.1889,1873092,28.5245,62.4363
koizumi,int,int_21_trace,91.63193035125732,Pass,684.3701529502869,40000052,39882864,1.0029,9059172,867369,0.2271,0.0217,9.5745%,21.6842,34883839,40.218,872.0948,20000052,19698950,1.0153,4504449,444814,0.2287,0.0226,9.8750%,22.2406,17173441,38.6081,858.6698
koizumi,int,int_22_trace,96.68442058563232,Pass,806.7487144470215,40000052,20605221,1.9413,6671960,156118,0.3238,0.0076,2.3399%,3.9029,13029720,83.4607,325.7426,20000052,10052661,1.9895,3314359,74098,0.3297,0.0074,2.2357%,3.7049,6283363,84.798,314.1673
koizumi,int,int_23_trace,182.35865116119385,Pass,753.7297701835632,40000052,18329716,2.1823,5329093,126702,0.2907,0.0069,2.3776%,3.1675,6018110,47.4981,150.4526,20000052,8498030,2.3535,2669216,60618,0.3141,0.0071,2.2710%,3.0309,2519387,41.5617,125.969
koizumi,int,int_24_trace,145.2402381896973,Pass,808.0888977050781,40000051,14489441,2.7606,8385203,20508,0.5787,0.0014,0.2446%,0.5127,2172697,105.9439,54.3174,20000051,6878005,2.9078,4599578,8420,0.6687,0.0012,0.1831%,0.421,898236,106.6789,44.9117
koizumi,int,int_25_trace,169.04896354675293,Pass,725.5487966537476,40000052,7668606,5.2161,2766410,52928,0.3607,0.0069,1.9132%,1.3232,1986888,37.5394,49.6721,20000052,4227508,4.7309,1541724,46135,0.3647,0.0109,2.9924%,2.3067,1528895,33.1396,76.4446
koizumi,int,int_26_trace,197.1726722717285,Pass,688.0240445137024,40000052,6739970,5.9348,2130479,48181,0.3161,0.0071,2.2615%,1.2045,1704815,35.3836,42.6203,20000052,3155170,6.3388,1067816,21802,0.3384,0.0069,2.0417%,1.0901,801211,36.7494,40.0604
koizumi,int,int_27_trace,219.7056255340576,Pass,720.8004901409149,40000052,6331171,6.318,1891315,31279,0.2987,0.0049,1.6538%,0.782,1084884,34.6841,27.1221,20000052,2934960,6.8144,940632,13151,0.3205,0.0045,1.3981%,0.6575,478002,36.3472,23.9
koizumi,int,int_28_trace,185.9219560623169,Pass,632.1436750888824,40000052,8205452,4.8748,4006233,129153,0.4882,0.0157,3.2238%,3.2288,3402428,26.3442,85.0606,20000052,3967076,5.0415,1994428,59320,0.5027,0.015,2.9743%,2.966,1596695,26.9166,79.8345
koizumi,int,int_29_trace,181.88746547698972,Pass,697.1277062892914,40000052,15229346,2.6265,4048870,456390,0.2659,0.03,11.2720%,11.4097,11343056,24.8539,283.576,20000052,7323366,2.731,2031315,219323,0.2774,0.0299,10.7971%,10.9661,5410980,24.6713,270.5483
koizumi,int,int_2_trace,94.08823490142822,Pass,559.1637895107269,30000052,17861066,1.6796,5366311,276963,0.3004,0.0155,5.1611%,9.2321,13828364,49.9286,460.9447,15000052,8301872,1.8068,2681980,135411,0.3231,0.0163,5.0489%,9.0274,6319035,46.6656,421.2675
koizumi,int,int_30_trace,182.9177484512329,Pass,692.371951341629,40000052,15466612,2.5862,4219863,470276,0.2728,0.0304,11.1443%,11.7569,11537528,24.5335,288.4378,20000052,7449962,2.6846,2099953,224784,0.2819,0.0302,10.7042%,11.2392,5512487,24.5235,275.6236
koizumi,int,int_31_trace,118.0513105392456,Pass,677.1866719722748,40000052,4532102,8.8259,4773947,24103,1.0534,0.0053,0.5049%,0.6026,473709,19.6535,11.8427,20000052,2156327,9.2751,2359187,8252,1.0941,0.0038,0.3498%,0.4126,164640,19.9515,8.232
koizumi,int,int_32_trace,317.2076416015625,Pass,1263.6364064216614,110000052,84969082,1.2946,12636052,696448,0.1487,0.0082,5.5116%,6.3313,72757361,104.4692,661.4302,55000052,37342935,1.4728,6322521,342921,0.1693,0.0092,5.4238%,6.2349,31330787,91.3644,569.6501
koizumi,int,int_33_trace,310.41816425323486,Pass,1244.2088079452517,110000052,52934793,2.078,16062450,798212,0.3034,0.0151,4.9694%,7.2565,41200291,51.6157,374.5479,55000052,25597183,2.1487,7710997,408266,0.3012,0.0159,5.2946%,7.423,19866069,48.6596,361.2009
koizumi,int,int_34_trace,112.3776216506958,Pass,628.7872211933136,40000052,10962814,3.6487,6380286,110743,0.582,0.0101,1.7357%,2.7686,5298921,47.8488,132.4729,20000052,4828182,4.1424,3101677,57364,0.6424,0.0119,1.8495%,2.8682,2421387,42.2109,121.069
koizumi,int,int_35_trace,119.88736820220949,Pass,650.427366733551,40000048,11225068,3.5635,5671843,82060,0.5053,0.0073,1.4468%,2.0515,4927357,60.0458,123.1838,20000048,5396098,3.7064,2842811,37993,0.5268,0.007,1.3365%,1.8996,2265574,59.6314,113.2784
koizumi,int,int_36_trace,201.8018684387207,Pass,879.6009519100189,53761949,34476844,1.5594,7755130,159867,0.2249,0.0046,2.0614%,2.9736,8520634,53.2983,158.4882,27761949,14770600,1.8795,4116890,75145,0.2787,0.0051,1.8253%,2.7068,3680177,48.9743,132.5619
koizumi,int,int_3_trace,96.88034057617188,Pass,704.4424104690552,40000052,6990890,5.7217,4722773,31040,0.6756,0.0044,0.6572%,0.776,922011,29.704,23.0502,20000052,3529838,5.666,2249610,17314,0.6373,0.0049,0.7696%,0.8657,445678,25.7409,22.2838
koizumi,int,int_4_trace,188.2430238723755,Pass,898.9021949768066,59999657,13278592,4.5185,7683892,215579,0.5787,0.0162,2.8056%,3.593,4738078,21.9784,78.9684,30999657,6588709,4.705,4061423,106160,0.6164,0.0161,2.6139%,3.4246,2294503,21.6136,74.017
koizumi,int,int_5_trace,138.47165870666504,Pass,446.7682840824127,30000052,6566252,4.5688,2565027,81175,0.3906,0.0124,3.1647%,2.7058,3007523,37.0499,100.2506,15000052,3269388,4.588,1297750,39707,0.3969,0.0121,3.0597%,2.6471,1504357,37.8864,100.2901
koizumi,int,int_6_trace,130.25432968139648,Pass,404.2692918777466,30000052,7516644,3.9911,3119970,82282,0.4151,0.0109,2.6373%,2.7427,3824908,46.4854,127.4967,15000052,3703048,4.0507,1567043,39867,0.4232,0.0108,2.5441%,2.6578,1888144,47.3611,125.8758
koizumi,int,int_7_trace,128.17397212982178,Pass,440.3849258422852,40000048,13721016,2.9152,5944145,173652,0.4332,0.0127,2.9214%,4.3413,4255002,24.503,106.3749,20000048,5607127,3.5669,3000751,72285,0.5352,0.0129,2.4089%,3.6142,1731031,23.9473,86.5513
koizumi,int,int_8_trace,137.59827327728271,Pass,432.2375066280365,40000052,15345525,2.6066,5678944,231657,0.3701,0.0151,4.0792%,5.7914,5620584,24.2625,140.5144,20000052,6020252,3.3221,2813189,101379,0.4673,0.0168,3.6037%,5.0689,2394252,23.6168,119.7123
koizumi,int,int_9_trace,152.5840139389038,Pass,430.1636354923248,40000050,13461275,2.9715,5800876,145995,0.4309,0.0108,2.5168%,3.6499,3618963,24.7883,90.474,20000050,5500682,3.6359,2893544,64093,0.526,0.0117,2.2150%,3.2046,1560671,24.3501,78.0334
koizumi,media,media_0_trace,111.51635646820068,Pass,196.2993347644806,20000044,3336703,5.994,1125035,20661,0.3372,0.0062,1.8365%,1.033,562118,27.2067,28.1058,10000044,1470985,6.7982,559613,7735,0.3804,0.0053,1.3822%,0.7735,218816,28.2891,21.8815
koizumi,media,media_1_trace,93.95407485961914,Pass,190.10880541801453,20000048,3543017,5.6449,1052168,20829,0.297,0.0059,1.9796%,1.0414,574398,27.5768,28.7198,10000048,1538316,6.5006,496668,6181,0.3229,0.004,1.2445%,0.6181,183823,29.74,18.3822
koizumi,media,media_2_trace,114.14013576507568,Pass,235.2487916946411,20000038,3098860,6.454,682290,10117,0.2202,0.0033,1.4828%,0.5058,582720,57.5981,29.1359,10000038,1657792,6.0321,342782,6869,0.2068,0.0041,2.0039%,0.6869,381982,55.6096,38.1981
koizumi,media,media_3_trace,113.6968765258789,Pass,189.84679770469663,20000046,3470280,5.7632,1130407,24512,0.3257,0.0071,2.1684%,1.2256,666714,27.1995,33.3356,10000046,1568500,6.3755,568763,10640,0.3626,0.0068,1.8707%,1.064,299917,28.1877,29.9916
koizumi,web,web_0_trace,104.021315574646,Pass,643.3970441818237,39999493,20108138,1.9892,11904941,52316,0.592,0.0026,0.4394%,1.3079,6747062,128.9675,168.6787,20999493,10136110,2.0718,6370198,19767,0.6285,0.002,0.3103%,0.9413,2678431,135.5001,127.5474
koizumi,web,web_10_trace,67.32332420349121,Pass,315.01706290245056,19999796,11045711,1.8106,2621960,56637,0.2374,0.0051,2.1601%,2.8319,1824782,32.2189,91.24,10999796,3291844,3.3415,1436395,24291,0.4363,0.0074,1.6911%,2.2083,672071,27.6675,61.0985
koizumi,web,web_11_trace,43.46553611755371,Pass,183.21766781806943,10001443,11471484,0.8719,1391369,46447,0.1213,0.004,3.3382%,4.644,1974061,42.5014,197.3776,5001443,5045010,0.9914,674449,23317,0.1337,0.0046,3.4572%,4.6621,916344,39.2994,183.2159
koizumi,web,web_12_trace,61.48514461517334,Pass,155.9218192100525,15000009,9156506,1.6382,2254326,57834,0.2462,0.0063,2.5655%,3.8556,1953751,33.782,130.25,8000009,4250679,1.8821,1175254,36525,0.2765,0.0086,3.1078%,4.5656,1112002,30.445,139.0001
koizumi,web,web_13_trace,134.68522262573242,Pass,530.7347588539124,39999813,16825852,2.3773,4813533,116619,0.2861,0.0069,2.4227%,2.9155,3776939,32.387,94.4239,20999813,7094184,2.9601,2687998,54182,0.3789,0.0076,2.0157%,2.5801,1908201,35.2184,90.8675
koizumi,web,web_14_trace,235.48800468444824,Pass,762.1383857727051,70000043,19590476,3.5732,11059737,240552,0.5645,0.0123,2.1750%,3.4365,10426694,43.3449,148.9527,35000043,8462936,4.1357,5268168,93551,0.6225,0.0111,1.7758%,2.6729,4088229,43.7005,116.8064
koizumi,web,web_15_trace,61.94837951660156,Pass,266.3743550777436,14999858,7900297,1.8986,2411251,76791,0.3052,0.0097,3.1847%,5.1194,2311235,30.0977,154.0838,7999858,3226886,2.4791,1229867,33777,0.3811,0.0105,2.7464%,4.2222,903897,26.7607,112.9891
koizumi,web,web_16_trace,61.72074699401856,Pass,239.93385434150696,20000052,9911666,2.0178,1486259,31624,0.15,0.0032,2.1278%,1.5812,1189099,37.6012,59.4548,10000052,6898970,1.4495,732871,22149,0.1062,0.0032,3.0222%,2.2149,823538,37.1817,82.3534
koizumi,web,web_17_trace,54.710463523864746,Pass,259.7518219947815,15000021,6090066,2.463,2215426,20914,0.3638,0.0034,0.9440%,1.3943,877686,41.9664,58.5123,8000021,2275184,3.5162,1069158,4824,0.4699,0.0021,0.4512%,0.603,165808,34.3715,20.7259
koizumi,web,web_18_trace,40.12125015258789,Pass,258.1295099258423,15000059,3882915,3.8631,1853795,39905,0.4774,0.0103,2.1526%,2.6603,1988860,49.8399,132.5901,8000059,1952556,4.0972,994147,19903,0.5092,0.0102,2.0020%,2.4879,998126,50.1495,124.7648
koizumi,web,web_19_trace,46.80075454711914,Pass,263.9842073917389,15000016,9425841,1.5914,2562002,76286,0.2718,0.0081,2.9776%,5.0857,2350950,30.8176,156.7298,8000016,4285137,1.8669,1380363,49790,0.3221,0.0116,3.6070%,6.2237,1191659,23.9337,148.9571
koizumi,web,web_1_trace,158.93916416168213,Pass,423.2374866008759,39999048,11925845,3.354,5515292,126086,0.4625,0.0106,2.2861%,3.1522,4377126,34.7154,109.4308,20999048,4907632,4.2789,2909408,66048,0.5928,0.0135,2.2702%,3.1453,1872998,28.3581,89.1944
koizumi,web,web_20_trace,91.22524166107178,Pass,287.33771991729736,20000004,10234892,1.9541,3186911,64715,0.3114,0.0063,2.0306%,3.2357,1994862,30.8253,99.7431,10000004,3742007,2.6724,1586755,18369,0.424,0.0049,1.1576%,1.8369,574485,31.2747,57.4485
koizumi,web,web_21_trace,37.0328950881958,Pass,225.4218237400055,15000054,5899162,2.5427,2614946,21858,0.4433,0.0037,0.8359%,1.4572,2009325,91.9263,133.9545,8000054,4717701,1.6958,1411368,17458,0.2992,0.0037,1.2370%,2.1822,1829945,104.8199,228.7416
koizumi,web,web_22_trace,51.9125394821167,Pass,187.28593039512637,20000051,5898276,3.3908,2417352,63610,0.4098,0.0108,2.6314%,3.1805,2884055,45.3396,144.2024,10000051,2606113,3.8372,1222376,29688,0.469,0.0114,2.4287%,2.9688,1392134,46.8921,139.2127
koizumi,web,web_23_trace,60.17267894744873,Pass,308.1255946159363,20000047,6248821,3.2006,3286069,18863,0.5259,0.003,0.5740%,0.9431,695822,36.8882,34.791,10000047,4543002,2.2012,1544231,14593,0.3399,0.0032,0.9450%,1.4593,523217,35.854,52.3215
koizumi,web,web_24_trace,80.5669527053833,Pass,272.1401917934418,14999923,8309066,1.8052,1985890,24102,0.239,0.0029,1.2137%,1.6068,778732,32.3098,51.9157,7999923,3984287,2.0079,1067447,11755,0.2679,0.003,1.1012%,1.4694,363735,30.943,45.4673
koizumi,web,web_25_trace,46.08135795593262,Pass,267.0366778373718,14999989,7232110,2.0741,2548670,86101,0.3524,0.0119,3.3783%,5.7401,2986331,34.684,199.0889,7999989,2965948,2.6973,1342253,51242,0.4526,0.0173,3.8176%,6.4053,1725638,33.6762,215.705
koizumi,web,web_2_trace,126.7424545288086,Pass,519.2958014011383,39999746,11853386,3.3745,5842811,151099,0.4929,0.0127,2.5861%,3.7775,4231966,28.0079,105.7998,20999746,5735061,3.6616,3176039,83270,0.5538,0.0145,2.6218%,3.9653,2475602,29.7298,117.8872
koizumi,web,web_3_trace,134.2002592086792,Pass,460.03542613983154,39999981,12058575,3.3171,6018442,143071,0.4991,0.0119,2.3772%,3.5768,4375492,30.5827,109.3874,20999981,5483994,3.8293,3382696,64476,0.6168,0.0118,1.9061%,3.0703,2323822,36.0417,110.6583
koizumi,web,web_4_trace,107.63480854034424,Pass,404.88758659362793,39999718,13103236,3.0527,6265226,161202,0.4781,0.0123,2.5730%,4.0301,4827883,29.9493,120.6979,20999718,6216949,3.3778,3426349,74027,0.5511,0.0119,2.1605%,3.5251,2102706,28.4046,100.1302
koizumi,web,web_5_trace,119.46124076843262,Pass,498.3881232738495,39999694,12225409,3.2718,6198022,172828,0.507,0.0141,2.7884%,4.3207,4569925,26.442,114.249,20999694,6343156,3.3106,3330435,102494,0.525,0.0162,3.0775%,4.8807,2629182,25.6521,125.201
koizumi,web,web_6_trace,115.35440254211426,Pass,503.4663014411926,40000022,12934181,3.0926,6002648,182567,0.4641,0.0141,3.0414%,4.5642,5433749,29.763,135.8437,20000022,6753103,2.9616,2962421,113319,0.4387,0.0168,3.8252%,5.6659,3340055,29.4748,167.0026
koizumi,web,web_7_trace,41.589111328125,Pass,391.0731072425842,39999850,8206510,4.8742,6633962,172019,0.8084,0.021,2.5930%,4.3005,3323063,19.318,83.0769,20999850,3862149,5.4373,3471337,73970,0.8988,0.0192,2.1309%,3.5224,1292931,17.4791,61.5686
koizumi,web,web_8_trace,110.87185478210448,Pass,411.0562949180603,39999955,13760571,2.9069,6210740,184804,0.4513,0.0134,2.9756%,4.6201,4957544,26.826,123.9387,20999955,5728465,3.6659,3431526,82943,0.599,0.0145,2.4171%,3.9497,2137036,25.7651,101.7638
koizumi,web,web_9_trace,113.31267833709715,Pass,510.3703887462616,39999863,13954074,2.8665,6952037,100547,0.4982,0.0072,1.4463%,2.5137,2535896,25.221,63.3976,20999863,4407697,4.7644,4136031,3080,0.9384,0.0007,0.0745%,0.1467,58171,18.8867,2.7701
seznec,compress,compress_0_trace,334.9084711074829,Pass,946.0772252082824,120000052,25333329,4.7368,11747875,380415,0.4637,0.015,3.2382%,3.1701,13733314,36.1009,114.4442,60000052,11852651,5.0622,5895554,190027,0.4974,0.016,3.2232%,3.1671,6337485,33.3504,105.6247
seznec,compress,compress_1_trace,108.6102991104126,Pass,320.81273889541626,30778699,6527753,4.7151,3314657,50261,0.5078,0.0077,1.5163%,1.633,1279291,25.453,41.5642,15778699,3000301,5.259,1700956,28177,0.5669,0.0094,1.6565%,1.7858,618576,21.9532,39.2032
seznec,compress,compress_2_trace,111.43396472930908,Pass,339.1116032600403,32339109,6619337,4.8856,3601347,46592,0.5441,0.007,1.2937%,1.4407,1223932,26.2691,37.8468,16339109,3012813,5.4232,1821008,26083,0.6044,0.0087,1.4323%,1.5964,597977,22.9259,36.5979
seznec,compress,compress_3_trace,334.29114055633545,Pass,1025.66472530365,130000020,58774332,2.2119,15702832,1009129,0.2672,0.0172,6.4264%,7.7625,46791194,46.3679,359.9322,65000020,25867893,2.5128,7896218,472711,0.3053,0.0183,5.9865%,7.2725,19534606,41.3246,300.5323
seznec,compress,compress_4_trace,108.21294689178468,Pass,305.5563554763794,31160801,6558630,4.7511,3496423,55515,0.5331,0.0085,1.5878%,1.7816,1439816,25.9356,46.206,16160801,3003746,5.3802,1816226,26643,0.6047,0.0089,1.4669%,1.6486,645823,24.2399,39.9623
seznec,compress,compress_5_trace,111.82196044921876,Pass,338.5667049884796,33811883,6966801,4.8533,3890650,63635,0.5585,0.0091,1.6356%,1.882,1653271,25.9805,48.8962,17811883,3226004,5.5213,2056891,29814,0.6376,0.0092,1.4495%,1.6738,749977,25.1552,42.1054
seznec,compress,compress_6_trace,111.95520496368408,Pass,326.4938786029816,33826271,6982454,4.8445,3887104,62856,0.5567,0.009,1.6170%,1.8582,1628555,25.9093,48.1447,17826271,3231436,5.5165,2060235,29460,0.6376,0.0091,1.4299%,1.6526,737588,25.0369,41.3765
seznec,compress,compress_7_trace,399.4104585647583,Pass,1197.1571018695831,130000052,23965515,5.4245,15042451,263418,0.6277,0.011,1.7512%,2.0263,6678340,25.3526,51.3718,65000052,12267765,5.2984,7447474,163799,0.6071,0.0134,2.1994%,2.52,3857846,23.5523,59.3514
seznec,fp,fp_0_trace,64.73471260070801,Pass,258.2192530632019,30000052,6806554,4.4075,1619852,96482,0.238,0.0142,5.9562%,3.2161,3023589,31.3384,100.7861,15000052,3429253,4.3741,807780,49578,0.2356,0.0145,6.1376%,3.3052,1550662,31.2772,103.3771
seznec,fp,fp_10_trace,270.7881956100464,Pass,554.1502628326416,40000016,6827142,5.859,3492402,80210,0.5115,0.0117,2.2967%,2.0052,1761318,21.9588,44.0329,20000016,3353028,5.9648,1748758,38457,0.5215,0.0115,2.1991%,1.9228,845183,21.9774,42.2591
seznec,fp,fp_11_trace,297.7953281402588,Pass,574.247654914856,40000016,7541292,5.3041,3526510,23228,0.4676,0.0031,0.6587%,0.5807,518591,22.3261,12.9648,20000016,3638865,5.4962,1776440,11269,0.4882,0.0031,0.6344%,0.5634,241856,21.4621,12.0928
seznec,fp,fp_12_trace,48.49573421478272,Pass,464.4143793582916,40000016,8068378,4.9576,4420257,43877,0.5478,0.0054,0.9926%,1.0969,2947568,67.178,73.6892,20000016,3935483,5.082,2222665,19458,0.5648,0.0049,0.8754%,0.9729,1339341,68.8324,66.967
seznec,fp,fp_13_trace,84.63656806945801,Pass,389.7346019744873,40000016,14986101,2.6691,6454282,492614,0.4307,0.0329,7.6324%,12.3153,10443489,21.2001,261.0871,20000016,7336974,2.7259,3233671,246384,0.4407,0.0336,7.6193%,12.3192,5125807,20.8041,256.2901
seznec,fp,fp_1_trace,42.69381523132324,Pass,247.4204761981964,30000052,30415822,0.9863,5950800,466611,0.1956,0.0153,7.8411%,15.5537,26709405,57.2413,890.312,15000052,15204218,0.9866,2965791,233875,0.1951,0.0154,7.8858%,15.5916,13361743,57.132,890.7798
seznec,fp,fp_2_trace,113.98153591156006,Pass,361.88531255722046,30000052,6204107,4.8355,2471756,76015,0.3984,0.0123,3.0753%,2.5338,2684775,35.319,89.4923,15000052,3061817,4.8991,1232306,38793,0.4025,0.0127,3.1480%,2.5862,1349385,34.7842,89.9587
seznec,fp,fp_3_trace,223.02585411071777,Pass,418.0313303470612,30000052,12624339,2.3764,1539997,56301,0.122,0.0045,3.6559%,1.8767,6431090,114.2269,214.3693,15000052,6299436,2.3812,770204,28657,0.1223,0.0045,3.7207%,1.9105,3247176,113.3118,216.4776
seznec,fp,fp_4_trace,106.30326175689696,Pass,360.56465768814087,30000052,6476063,4.6325,2573337,15741,0.3974,0.0024,0.6117%,0.5247,920537,58.4802,30.6845,15000052,2605859,5.7563,1285217,6370,0.4932,0.0024,0.4956%,0.4247,279810,43.9262,18.6539
seznec,fp,fp_5_trace,332.9483413696289,Pass,584.4097640514374,40000016,7566961,5.2861,740391,37008,0.0978,0.0049,4.9984%,0.9252,1279928,34.5852,31.9982,20000016,3751281,5.3315,370890,18486,0.0989,0.0049,4.9842%,0.9243,642258,34.7429,32.1129
seznec,fp,fp_6_trace,63.58891201019287,Pass,404.8634734153748,40000016,5667816,7.0574,7034423,34200,1.2411,0.006,0.4862%,0.855,1313976,38.4204,32.8494,20000016,2752344,7.2665,3515104,16143,1.2771,0.0059,0.4592%,0.8071,615912,38.1535,30.7956
seznec,fp,fp_7_trace,159.0718936920166,Pass,505.74411368370056,40000016,7685214,5.2048,4716883,38594,0.6138,0.005,0.8182%,0.9648,1720500,44.5795,43.0125,20000016,3622804,5.5206,2394520,16364,0.661,0.0045,0.6834%,0.8182,726392,44.3896,36.3196
seznec,fp,fp_8_trace,211.10272789001465,Pass,500.1674816608429,40000016,12853367,3.112,2322129,295423,0.1807,0.023,12.7221%,7.3856,6791943,22.9906,169.7985,20000016,7132615,2.804,1347173,208516,0.1889,0.0292,15.4780%,10.4258,4731217,22.6899,236.5607
seznec,fp,fp_9_trace,143.53112411499023,Pass,502.87366104125977,40000016,16142470,2.4779,5012816,164674,0.3105,0.0102,3.2851%,4.1168,11292662,68.5759,282.3164,20000016,7689228,2.601,2500178,87539,0.3252,0.0114,3.5013%,4.3769,5349373,61.1085,267.4684
seznec,infra,infra_0_trace,94.09143447875977,Pass,409.65601420402527,40000016,8821621,4.5343,5140781,49813,0.5827,0.0056,0.9690%,1.2453,1450722,29.1234,36.268,20000016,4387751,4.5581,2582400,25670,0.5885,0.0059,0.9940%,1.2835,771642,30.0601,38.5821
seznec,infra,infra_10_trace,117.67702960968018,Pass,466.3645610809326,50000052,18230356,2.7427,6548159,257209,0.3592,0.0141,3.9280%,5.1442,12936106,50.2941,258.7219,25000052,6227885,4.0142,3150015,112547,0.5058,0.0181,3.5729%,4.5019,3969115,35.2663,158.7643
seznec,infra,infra_11_trace,209.3641147613525,Pass,479.453622341156,50000052,18189986,2.7488,7754708,47341,0.4263,0.0026,0.6105%,0.9468,3666505,77.4488,73.33,25000052,9156948,2.7302,3881908,22864,0.4239,0.0025,0.5890%,0.9146,2097970,91.7587,83.9186
seznec,infra,infra_12_trace,207.5736560821533,Pass,479.77104020118713,50000052,17382923,2.8764,7862103,46378,0.4523,0.0027,0.5899%,0.9276,3218742,69.4023,64.3748,25000052,8274946,3.0212,3927069,21800,0.4746,0.0026,0.5551%,0.872,1574681,72.2331,62.9871
seznec,infra,infra_13_trace,139.63556957244873,Pass,454.3876061439514,50000052,20252970,2.4688,6532412,198429,0.3225,0.0098,3.0376%,3.9686,13440379,67.7339,268.8073,25000052,9542100,2.62,3378036,80252,0.354,0.0084,2.3757%,3.2101,5028490,62.6587,201.1392
seznec,infra,infra_14_trace,118.4549331665039,Pass,456.4331154823303,50000052,17759543,2.8154,6536492,259765,0.3681,0.0146,3.9741%,5.1953,12647052,48.6865,252.9408,25000052,6198341,4.0333,3156210,112064,0.5092,0.0181,3.5506%,4.4826,3945563,35.2081,157.8222
seznec,infra,infra_15_trace,101.22027969360352,Pass,450.6757390499115,50000052,33935863,1.4734,6957507,413820,0.205,0.0122,5.9478%,8.2764,29388280,71.0171,587.765,25000052,6282959,3.979,3466846,140196,0.5518,0.0223,4.0439%,5.6078,4001468,28.542,160.0584
seznec,infra,infra_1_trace,175.13615703582764,Pass,392.5894906520844,37799521,8207719,4.6054,4337669,14147,0.5285,0.0017,0.3261%,0.3743,618017,43.6854,16.3499,19799521,3741254,5.2922,2263258,4320,0.6049,0.0012,0.1909%,0.2182,144932,33.5491,7.32
seznec,infra,infra_2_trace,221.61112022399905,Pass,762.3740801811218,47546686,10640067,4.4686,5818731,22847,0.5469,0.0021,0.3926%,0.4805,730433,31.9706,15.3624,24546686,4321213,5.6805,2997214,7386,0.6936,0.0017,0.2464%,0.3009,147538,19.9754,6.0105
seznec,infra,infra_3_trace,83.57435989379883,Pass,398.5154769420624,40000016,8035419,4.978,5433078,40541,0.6761,0.005,0.7462%,1.0135,1046560,25.8149,26.164,20000016,3983950,5.0201,2737308,18750,0.6871,0.0047,0.6850%,0.9375,490227,26.1454,24.5113
seznec,infra,infra_4_trace,84.87091732025146,Pass,443.408985376358,40000016,23800889,1.6806,5988066,95421,0.2516,0.004,1.5935%,2.3855,12044345,126.2232,301.1085,20000016,11904717,1.68,2971304,48044,0.2496,0.004,1.6169%,2.4022,6042775,125.7759,302.1385
seznec,infra,infra_5_trace,58.87110328674317,Pass,466.7682456970215,40000016,34488725,1.1598,7268207,88646,0.2107,0.0026,1.2196%,2.2161,26324014,296.9566,658.1001,20000016,22129157,0.9038,3539219,63136,0.1599,0.0029,1.7839%,3.1568,18296773,289.7994,914.8379
seznec,infra,infra_6_trace,168.09687328338623,Pass,651.452933549881,64718349,15298478,4.2304,9187928,77012,0.6006,0.005,0.8382%,1.19,3046686,39.5612,47.0761,32718349,7696479,4.2511,5004718,37554,0.6503,0.0049,0.7504%,1.1478,1744757,46.46,53.3266
seznec,infra,infra_7_trace,65.31903553009033,Pass,465.1830735206604,40000016,21708155,1.8426,6716982,56163,0.3094,0.0026,0.8361%,1.4041,7910267,140.8448,197.7566,20000016,11179428,1.789,3345402,15829,0.2992,0.0014,0.4732%,0.7914,3361865,212.3864,168.0931
seznec,infra,infra_8_trace,54.09443473815918,Pass,475.4110863208771,40000016,24600314,1.626,7460282,50348,0.3033,0.002,0.6749%,1.2587,15915981,316.1194,397.8994,20000016,12249670,1.6327,3730712,24844,0.3046,0.002,0.6659%,1.2422,7892858,317.6967,394.6426
seznec,infra,infra_9_trace,141.69822597503662,Pass,480.5557975769043,50000052,28833638,1.7341,7203244,223215,0.2498,0.0077,3.0988%,4.4643,19174202,85.9002,383.4836,25000052,16972222,1.473,3405201,169392,0.2006,0.01,4.9745%,6.7757,14336993,84.638,573.4785
seznec,int,int_0_trace,137.11144542694092,Pass,623.3243052959442,40000041,14460536,2.7662,6223265,189991,0.4304,0.0131,3.0529%,4.7498,9739199,51.2614,243.4797,20000041,6410184,3.12,3076555,92605,0.4799,0.0144,3.0100%,4.6302,4167948,45.0078,208.397
seznec,int,int_10_trace,204.85591316223145,Pass,921.6935408115388,60000052,9656518,6.2134,7032592,31333,0.7283,0.0032,0.4455%,0.5222,856914,27.3486,14.2819,30000052,4466917,6.7161,3499163,15026,0.7834,0.0034,0.4294%,0.5009,345443,22.9897,11.5147
seznec,int,int_11_trace,203.19092559814453,Pass,881.1590731143951,60000052,16088317,3.7294,4130584,232855,0.2567,0.0145,5.6373%,3.8809,8639802,37.1038,143.9966,30000052,8047677,3.7278,2064453,117620,0.2565,0.0146,5.6974%,3.9207,4361922,37.0849,145.3971
seznec,int,int_12_trace,204.59925079345703,Pass,998.7917041778564,59999603,18373551,3.2655,6357220,24220,0.346,0.0013,0.3810%,0.4037,959737,39.6258,15.9957,30999603,4906329,6.3183,4522132,22926,0.9217,0.0047,0.5070%,0.7396,877576,38.2786,28.3093
seznec,int,int_13_trace,32.30572509765625,Pass,641.5960760116577,40000052,6180425,6.4721,4243961,34340,0.6867,0.0056,0.8091%,0.8585,1010456,29.425,25.2614,20000052,3028309,6.6044,2111572,15927,0.6973,0.0053,0.7543%,0.7963,486056,30.5177,24.3027
seznec,int,int_14_trace,177.29002475738525,Pass,708.7463755607605,39999640,6971881,5.7373,7635435,15125,1.0952,0.0022,0.1981%,0.3781,377757,24.9757,9.444,20999640,3390163,6.1943,3974167,6410,1.1723,0.0019,0.1613%,0.3052,146415,22.8417,6.9723
seznec,int,int_15_trace,98.1560001373291,Pass,1016.4508621692656,70000157,18482031,3.7875,9192864,32340,0.4974,0.0017,0.3518%,0.462,1832973,56.6782,26.1853,35000157,9286561,3.7689,4669511,30618,0.5028,0.0033,0.6557%,0.8748,1456165,47.5591,41.6045
seznec,int,int_16_trace,128.2670030593872,Pass,697.8355886936188,40000031,17401684,2.2986,6733574,233118,0.3869,0.0134,3.4620%,5.8279,5584941,23.9576,139.6234,20000031,7293577,2.7421,3364149,119210,0.4612,0.0163,3.5435%,5.9605,2718505,22.8043,135.925
seznec,int,int_17_trace,128.60758018493652,Pass,715.8371689319611,39999987,15510883,2.5788,6659971,193743,0.4294,0.0125,2.9091%,4.8436,4677536,24.143,116.9384,20999987,6100583,3.4423,3432362,87132,0.5626,0.0143,2.5385%,4.1491,2015490,23.1315,95.9758
seznec,int,int_18_trace,108.31880569458008,Pass,738.2245891094208,39999864,10612414,3.7692,9457814,26616,0.8912,0.0025,0.2814%,0.6654,1248923,46.9238,31.2232,20999864,5043833,4.1635,4985263,10344,0.9884,0.0021,0.2075%,0.4926,438491,42.3909,20.8807
seznec,int,int_19_trace,184.28955841064453,Pass,709.6355400085449,40000052,7945036,5.0346,5852871,30473,0.7367,0.0038,0.5207%,0.7618,1320642,43.3381,33.016,20000052,3758188,5.3217,2929049,11978,0.7794,0.0032,0.4089%,0.5989,562799,46.9861,28.1399
seznec,int,int_1_trace,92.84952068328856,Pass,529.9880747795105,30000052,18172513,1.6508,5301134,315392,0.2917,0.0174,5.9495%,10.513,14199120,45.0205,473.3032,15000052,8628413,1.7384,2642836,155754,0.3063,0.0181,5.8934%,10.3836,6674038,42.8499,444.9343
seznec,int,int_20_trace,187.00185585021973,Pass,921.0919229984283,60000051,16801964,3.571,9561405,143010,0.5691,0.0085,1.4957%,2.3835,4738077,33.1311,78.9679,30000051,6905026,4.3447,4877083,68137,0.7063,0.0099,1.3971%,2.2712,1954066,28.6785,65.1354
seznec,int,int_21_trace,91.63193035125732,Pass,675.4101166725159,40000052,45151432,0.8859,9059172,933054,0.2006,0.0207,10.2996%,23.3263,40244252,43.1318,1006.105,20000052,22203708,0.9008,4504449,477878,0.2029,0.0215,10.6090%,23.8938,19715644,41.2566,985.7796
seznec,int,int_22_trace,96.68442058563232,Pass,737.8030138015747,40000052,21459837,1.8639,6671960,171310,0.3109,0.008,2.5676%,4.2827,13915773,81.2315,347.8939,20000052,10397557,1.9235,3314359,81618,0.3188,0.0078,2.4626%,4.0809,6649061,81.4656,332.4522
seznec,int,int_23_trace,182.35865116119385,Pass,730.9738192558289,40000052,18358232,2.1789,5329093,132131,0.2903,0.0072,2.4794%,3.3033,6064536,45.8979,151.6132,20000052,8515238,2.3487,2669216,63508,0.3135,0.0075,2.3793%,3.1754,2557009,40.2628,127.8501
seznec,int,int_24_trace,145.2402381896973,Pass,791.796596288681,40000051,14496490,2.7593,8385203,20462,0.5784,0.0014,0.2440%,0.5115,2247615,109.8434,56.1903,20000051,6885471,2.9047,4599578,8607,0.668,0.0013,0.1871%,0.4303,943799,109.6548,47.1898
seznec,int,int_25_trace,169.04896354675293,Pass,704.946202993393,40000052,7672313,5.2136,2766410,53189,0.3606,0.0069,1.9227%,1.3297,1994926,37.5064,49.8731,20000052,4230700,4.7274,1541724,46516,0.3644,0.011,3.0171%,2.3258,1534835,32.9959,76.7416
seznec,int,int_26_trace,197.1726722717285,Pass,687.2343254089355,40000052,6731292,5.9424,2130479,47801,0.3165,0.0071,2.2437%,1.195,1689315,35.3406,42.2328,20000052,3153758,6.3417,1067816,21934,0.3386,0.007,2.0541%,1.0967,799399,36.4457,39.9698
seznec,int,int_27_trace,219.7056255340576,Pass,712.9045867919922,40000052,6313696,6.3354,1891315,30910,0.2996,0.0049,1.6343%,0.7727,1060004,34.2932,26.5001,20000052,2928594,6.8292,940632,13163,0.3212,0.0045,1.3994%,0.6581,470802,35.7671,23.54
seznec,int,int_28_trace,185.9219560623169,Pass,624.1281614303589,40000052,8170846,4.8955,4006233,128651,0.4903,0.0157,3.2113%,3.2163,3351056,26.0476,83.7763,20000052,3949983,5.0633,1994428,59130,0.5049,0.015,2.9648%,2.9565,1566741,26.4965,78.3368
seznec,int,int_29_trace,181.88746547698972,Pass,670.7758591175079,40000052,15260598,2.6211,4048870,458989,0.2653,0.0301,11.3362%,11.4747,11376934,24.7869,284.423,20000052,7348333,2.7217,2031315,220999,0.2764,0.0301,10.8796%,11.0499,5437580,24.6045,271.8783
seznec,int,int_2_trace,94.08823490142822,Pass,538.1881923675537,30000052,18323623,1.6372,5366311,299630,0.2929,0.0164,5.5835%,9.9876,14306422,47.747,476.8799,15000052,8527723,1.759,2681980,146573,0.3145,0.0172,5.4651%,9.7715,6553765,44.7133,436.9162
seznec,int,int_30_trace,182.9177484512329,Pass,651.5539448261261,40000052,15572296,2.5687,4219863,476224,0.271,0.0306,11.2853%,11.9056,11649821,24.4629,291.2451,20000052,7513197,2.662,2099953,228235,0.2795,0.0304,10.8686%,11.4117,5580585,24.451,279.0285
seznec,int,int_31_trace,118.0513105392456,Pass,658.9627974033356,40000052,4521848,8.846,4773947,24044,1.0558,0.0053,0.5037%,0.6011,463237,19.2662,11.5809,20000052,2155251,9.2797,2359187,8429,1.0946,0.0039,0.3573%,0.4214,163666,19.417,8.1833
seznec,int,int_32_trace,317.2076416015625,Pass,1205.3150565624237,110000052,85121283,1.2923,12636052,698361,0.1484,0.0082,5.5267%,6.3487,72928222,104.4277,662.9835,55000052,37400927,1.4706,6322521,343385,0.169,0.0092,5.4311%,6.2434,31388591,91.4093,570.7011
seznec,int,int_33_trace,310.41816425323486,Pass,1188.0513334274292,110000052,53267132,2.0651,16062450,818578,0.3015,0.0154,5.0962%,7.4416,41547302,50.7555,377.7026,55000052,25763618,2.1348,7710997,417893,0.2993,0.0162,5.4194%,7.598,20038663,47.9517,364.339
seznec,int,int_34_trace,112.3776216506958,Pass,607.0663199424744,40000052,11012713,3.6322,6380286,113822,0.5794,0.0103,1.7840%,2.8455,5425850,47.6696,135.6461,20000052,4842471,4.1301,3101677,58698,0.6405,0.0121,1.8925%,2.9349,2432892,41.4476,121.6443
seznec,int,int_35_trace,119.88736820220949,Pass,623.3758587837219,40000048,11207689,3.569,5671843,80669,0.5061,0.0072,1.4223%,2.0167,4917830,60.9631,122.9456,20000048,5386184,3.7132,2842811,37542,0.5278,0.007,1.3206%,1.8771,2258940,60.171,112.9467
seznec,int,int_36_trace,201.8018684387207,Pass,877.204160451889,53761949,34457682,1.5602,7755130,161292,0.2251,0.0047,2.0798%,3.0001,8499632,52.6972,158.0975,27761949,14790338,1.877,4116890,76508,0.2783,0.0052,1.8584%,2.7559,3687076,48.192,132.8104
seznec,int,int_3_trace,96.88034057617188,Pass,675.7231135368347,40000052,6989599,5.7228,4722773,31450,0.6757,0.0045,0.6659%,0.7862,920954,29.2831,23.0238,20000052,3521524,5.6794,2249610,17061,0.6388,0.0048,0.7584%,0.853,436731,25.5982,21.8365
seznec,int,int_4_trace,188.2430238723755,Pass,910.4759166240692,59999657,13354427,4.4929,7683892,221672,0.5754,0.0166,2.8849%,3.6946,4827953,21.7797,80.4663,30999657,6639734,4.6688,4061423,109882,0.6117,0.0165,2.7055%,3.5446,2349749,21.3843,75.7992
seznec,int,int_5_trace,138.47165870666504,Pass,433.9443824291229,30000052,6625637,4.5279,2565027,84705,0.3871,0.0128,3.3023%,2.8235,3069954,36.2429,102.3316,15000052,3298196,4.548,1297750,41596,0.3935,0.0126,3.2052%,2.7731,1534142,36.882,102.2758
seznec,int,int_6_trace,130.25432968139648,Pass,406.4292142391205,30000052,7597448,3.9487,3119970,87811,0.4107,0.0116,2.8145%,2.927,3908870,44.5146,130.2954,15000052,3745479,4.0048,1567043,42792,0.4184,0.0114,2.7307%,2.8528,1932738,45.1659,128.8488
seznec,int,int_7_trace,128.17397212982178,Pass,443.0465588569641,40000048,13758687,2.9073,5944145,175914,0.432,0.0128,2.9595%,4.3978,4296049,24.4213,107.4011,20000048,5648355,3.5409,3000751,74296,0.5313,0.0132,2.4759%,3.7148,1774497,23.8842,88.7246
seznec,int,int_8_trace,137.59827327728271,Pass,432.5626320838928,40000052,15358205,2.6045,5678944,233519,0.3698,0.0152,4.1120%,5.838,5633916,24.1262,140.8477,20000052,6025128,3.3194,2813189,102047,0.4669,0.0169,3.6274%,5.1023,2399477,23.5134,119.9735
seznec,int,int_9_trace,152.5840139389038,Pass,432.635721206665,40000050,13465599,2.9705,5800876,146514,0.4308,0.0109,2.5257%,3.6628,3622702,24.726,90.5674,20000050,5517027,3.6251,2893544,64896,0.5245,0.0118,2.2428%,3.2448,1578556,24.3244,78.9276
seznec,media,media_0_trace,111.51635646820068,Pass,200.5509283542633,20000044,3341263,5.9858,1125035,21023,0.3367,0.0063,1.8687%,1.0511,567552,26.9967,28.3775,10000044,1473006,6.7889,559613,8016,0.3799,0.0054,1.4324%,0.8016,221688,27.6557,22.1687
seznec,media,media_1_trace,93.95407485961914,Pass,188.28571152687076,20000048,3537229,5.6542,1052168,20514,0.2975,0.0058,1.9497%,1.0257,567731,27.6753,28.3865,10000048,1535234,6.5137,496668,6086,0.3235,0.004,1.2254%,0.6086,180472,29.6536,18.0471
seznec,media,media_2_trace,114.14013576507568,Pass,234.2342658042908,20000038,3091838,6.4687,682290,10115,0.2207,0.0033,1.4825%,0.5057,575360,56.8819,28.7679,10000038,1654711,6.0434,342782,6988,0.2072,0.0042,2.0386%,0.6988,379886,54.3626,37.9885
seznec,media,media_3_trace,113.6968765258789,Pass,196.0407419204712,20000046,3474723,5.7559,1130407,24931,0.3253,0.0072,2.2055%,1.2465,671807,26.9467,33.5903,10000046,1571215,6.3645,568763,10865,0.362,0.0069,1.9103%,1.0865,303451,27.9292,30.345
seznec,web,web_0_trace,104.021315574646,Pass,621.4413061141968,39999493,20198347,1.9803,11904941,52207,0.5894,0.0026,0.4385%,1.3052,6851230,131.232,171.2829,20999493,10148818,2.0692,6370198,19697,0.6277,0.0019,0.3092%,0.938,2707325,137.4486,128.9234
seznec,web,web_10_trace,67.32332420349121,Pass,261.3795208930969,19999796,11048743,1.8101,2621960,56942,0.2373,0.0052,2.1717%,2.8471,1832020,32.1734,91.6019,10999796,3288334,3.3451,1436395,24186,0.4368,0.0074,1.6838%,2.1988,670853,27.7372,60.9878
seznec,web,web_11_trace,43.46553611755371,Pass,176.6593508720398,10001443,11474261,0.8716,1391369,47062,0.1213,0.0041,3.3824%,4.7055,1973246,41.9286,197.2961,5001443,5034679,0.9934,674449,23290,0.134,0.0046,3.4532%,4.6567,904717,38.8457,180.8912
seznec,web,web_12_trace,61.48514461517334,Pass,265.89392042160034,15000009,9171078,1.6356,2254326,58152,0.2458,0.0063,2.5796%,3.8768,1965270,33.7954,131.0179,8000009,4253376,1.8809,1175254,36443,0.2763,0.0086,3.1009%,4.5554,1114122,30.5716,139.2651
seznec,web,web_13_trace,134.68522262573242,Pass,481.4588332176209,39999813,16836124,2.3758,4813533,118448,0.2859,0.007,2.4607%,2.9612,3787620,31.9771,94.6909,20999813,7107185,2.9547,2687998,55328,0.3782,0.0078,2.0583%,2.6347,1925516,34.8018,91.6921
seznec,web,web_14_trace,235.48800468444824,Pass,752.8660280704498,70000043,19500485,3.5897,11059737,235375,0.5672,0.0121,2.1282%,3.3625,10332627,43.8986,147.6089,35000043,8425115,4.1543,5268168,91247,0.6253,0.0108,1.7320%,2.6071,4050474,44.3902,115.7277
seznec,web,web_15_trace,61.94837951660156,Pass,144.83677554130554,14999858,7868789,1.9062,2411251,75361,0.3064,0.0096,3.1254%,5.0241,2276497,30.2079,151.7679,7999858,3216470,2.4872,1229867,33255,0.3824,0.0103,2.7040%,4.1569,890254,26.7705,111.2837
seznec,web,web_16_trace,61.72074699401856,Pass,282.8321795463562,20000052,9920193,2.0161,1486259,31808,0.1498,0.0032,2.1401%,1.5904,1197254,37.64,59.8625,10000052,6903339,1.4486,732871,22275,0.1062,0.0032,3.0394%,2.2275,826888,37.1218,82.6884
seznec,web,web_17_trace,54.710463523864746,Pass,256.4110803604126,15000021,6098425,2.4597,2215426,21295,0.3633,0.0035,0.9612%,1.4197,887191,41.6619,59.146,8000021,2277571,3.5125,1069158,4992,0.4694,0.0022,0.4669%,0.624,167522,33.5581,20.9402
seznec,web,web_18_trace,40.12125015258789,Pass,212.15538811683652,15000059,3910667,3.8357,1853795,40642,0.474,0.0104,2.1924%,2.7095,2021481,49.7387,134.7649,8000059,1972175,4.0565,994147,20427,0.5041,0.0104,2.0547%,2.5534,1019789,49.9236,127.4727
seznec,web,web_19_trace,46.80075454711914,Pass,150.3091733455658,15000016,9412180,1.5937,2562002,75942,0.2722,0.0081,2.9642%,5.0628,2337089,30.7747,155.8058,8000016,4279315,1.8695,1380363,49652,0.3226,0.0116,3.5970%,6.2065,1187006,23.9065,148.3755
seznec,web,web_1_trace,158.93916416168213,Pass,504.8256139755249,39999048,11928572,3.3532,5515292,127553,0.4624,0.0107,2.3127%,3.1889,4377794,34.3214,109.4475,20999048,4933458,4.2565,2909408,68114,0.5897,0.0138,2.3412%,3.2437,1902316,27.9284,90.5906
seznec,web,web_20_trace,91.22524166107178,Pass,304.5992634296417,20000004,10216368,1.9576,3186911,63125,0.3119,0.0062,1.9808%,3.1562,1972349,31.2451,98.6174,10000004,3727875,2.6825,1586755,17663,0.4256,0.0047,1.1132%,1.7663,555726,31.4627,55.5726
seznec,web,web_21_trace,37.0328950881958,Pass,142.53511333465576,15000054,5895908,2.5441,2614946,21853,0.4435,0.0037,0.8357%,1.4569,2003029,91.6592,133.5348,8000054,4716376,1.6962,1411368,17458,0.2992,0.0037,1.2370%,2.1822,1825042,104.539,228.1287
seznec,web,web_22_trace,51.9125394821167,Pass,273.3862957954407,20000051,5926054,3.3749,2417352,64601,0.4079,0.0109,2.6724%,3.23,2909939,45.0448,145.4966,10000051,2614592,3.8247,1222376,30127,0.4675,0.0115,2.4646%,3.0127,1397737,46.3948,139.773
seznec,web,web_23_trace,60.17267894744873,Pass,277.25484251976013,20000047,6254312,3.1978,3286069,19247,0.5254,0.0031,0.5857%,0.9623,708174,36.794,35.4086,10000047,4547414,2.1991,1544231,14862,0.3396,0.0033,0.9624%,1.4862,534801,35.9845,53.4798
seznec,web,web_24_trace,80.5669527053833,Pass,270.0492115020752,14999923,8302532,1.8067,1985890,24157,0.2392,0.0029,1.2164%,1.6105,766640,31.7357,51.1096,7999923,3975347,2.0124,1067447,11750,0.2685,0.003,1.1008%,1.4688,348929,29.6961,43.6165
seznec,web,web_25_trace,46.08135795593262,Pass,264.9933476448059,14999989,7211621,2.08,2548670,85695,0.3534,0.0119,3.3623%,5.713,2962692,34.5725,197.5129,7999989,2957777,2.7047,1342253,51258,0.4538,0.0173,3.8188%,6.4073,1715579,33.4695,214.4477
seznec,web,web_2_trace,126.7424545288086,Pass,471.6598217487335,39999746,11795740,3.391,5842811,148411,0.4953,0.0126,2.5401%,3.7103,4169812,28.0964,104.246,20999746,5697845,3.6856,3176039,81552,0.5574,0.0143,2.5677%,3.8835,2436658,29.8786,116.0327
seznec,web,web_3_trace,134.2002592086792,Pass,430.5858130455017,39999981,12043637,3.3213,6018442,142091,0.4997,0.0118,2.3609%,3.5523,4358443,30.6736,108.9611,20999981,5473123,3.8369,3382696,63842,0.6181,0.0117,1.8873%,3.0401,2313526,36.2383,110.168
seznec,web,web_4_trace,107.63480854034424,Pass,506.0510685443878,39999718,13090496,3.0556,6265226,160558,0.4786,0.0123,2.5627%,4.014,4813015,29.9768,120.3262,20999718,6225519,3.3732,3426349,74328,0.5504,0.0119,2.1693%,3.5395,2108947,28.3735,100.4274
seznec,web,web_5_trace,119.46124076843262,Pass,394.3062958717346,39999694,12190849,3.2811,6198022,170949,0.5084,0.014,2.7581%,4.2738,4533951,26.5222,113.3496,20999694,6326052,3.3196,3330435,101332,0.5265,0.016,3.0426%,4.8254,2612886,25.7854,124.425
seznec,web,web_6_trace,115.35440254211426,Pass,506.84319853782654,40000022,12909414,3.0985,6002648,181505,0.465,0.0141,3.0237%,4.5376,5408785,29.7996,135.2196,20000022,6747621,2.964,2962421,113176,0.439,0.0168,3.8204%,5.6588,3333805,29.4568,166.6901
seznec,web,web_7_trace,41.589111328125,Pass,324.2390985488892,39999850,9371697,4.2682,6633962,244184,0.7079,0.0261,3.6808%,6.1046,4548079,18.6256,113.7024,20999850,4538506,4.627,3471337,116184,0.7649,0.0256,3.3470%,5.5326,2001491,17.2269,95.3098
seznec,web,web_8_trace,110.87185478210448,Pass,460.7378442287445,39999955,13724216,2.9146,6210740,183115,0.4525,0.0133,2.9484%,4.5779,4916533,26.8494,122.9135,20999955,5710428,3.6775,3431526,81909,0.6009,0.0143,2.3870%,3.9004,2117035,25.8462,100.8114
seznec,web,web_9_trace,113.31267833709715,Pass,521.5404505729675,39999863,13935824,2.8703,6952037,99283,0.4989,0.0071,1.4281%,2.4821,2516802,25.3498,62.9203,20999863,4400468,4.7722,4136031,2596,0.9399,0.0006,0.0628%,0.1236,50723,19.5389,2.4154
tage192,compress,compress_0_trace,334.9084711074829,Pass,954.2794849872588,120000052,25378459,4.7284,11747875,384858,0.4629,0.0152,3.2760%,3.2071,13787078,35.8238,114.8923,60000052,11866354,5.0563,5895554,192009,0.4968,0.0162,3.2568%,3.2001,6352531,33.0845,105.8754
tage192,compress,compress_1_trace,108.6102991104126,Pass,329.38325691223145,30778699,6538155,4.7076,3314657,50879,0.507,0.0078,1.5350%,1.6531,1290664,25.3673,41.9337,15778699,3005158,5.2505,1700956,28542,0.566,0.0095,1.6780%,1.8089,623126,21.8319,39.4916
tage192,compress,compress_2_trace,111.43396472930908,Pass,338.9446382522583,32339109,6627780,4.8793,3601347,47128,0.5434,0.0071,1.3086%,1.4573,1233905,26.182,38.1552,16339109,3016799,5.416,1821008,26426,0.6036,0.0088,1.4512%,1.6173,601247,22.7521,36.798
tage192,compress,compress_3_trace,334.29114055633545,Pass,1033.9355289936066,130000020,59424334,2.1877,15702832,1058290,0.2642,0.0178,6.7395%,8.1407,47464650,44.8503,365.1126,65000020,26200794,2.4808,7896218,495189,0.3014,0.0189,6.2712%,7.6183,19881479,40.1493,305.8688
tage192,compress,compress_4_trace,108.21294689178468,Pass,310.4354679584503,31160801,6564861,4.7466,3496423,55956,0.5326,0.0085,1.6004%,1.7957,1448546,25.8872,46.4862,16160801,3005590,5.3769,1816226,26853,0.6043,0.0089,1.4785%,1.6616,647976,24.1305,40.0955
tage192,compress,compress_5_trace,111.82196044921876,Pass,344.07276034355164,33811883,6975635,4.8471,3890650,64161,0.5577,0.0092,1.6491%,1.8976,1665280,25.9547,49.2513,17811883,3230161,5.5142,2056891,30163,0.6368,0.0093,1.4664%,1.6934,756200,25.0705,42.4548
tage192,compress,compress_6_trace,111.95520496368408,Pass,331.79688596725464,33826271,6990983,4.8386,3887104,63353,0.556,0.0091,1.6298%,1.8729,1639436,25.8778,48.4664,17826271,3233208,5.5135,2060235,29743,0.6372,0.0092,1.4437%,1.6685,739643,24.8678,41.4917
tage192,compress,compress_7_trace,399.4104585647583,Pass,1198.690387248993,130000052,23983321,5.4204,15042451,264661,0.6272,0.011,1.7594%,2.0359,6690029,25.2777,51.4617,65000052,12269093,5.2979,7447474,164056,0.607,0.0134,2.2028%,2.5239,3855850,23.5033,59.3207
tage192,fp,fp_0_trace,64.73471260070801,Pass,262.25904536247253,30000052,6805781,4.408,1619852,96754,0.238,0.0142,5.9730%,3.2251,3029994,31.3165,100.9996,15000052,3428652,4.3749,807780,49655,0.2356,0.0145,6.1471%,3.3103,1552390,31.2635,103.4923
tage192,fp,fp_10_trace,270.7881956100464,Pass,547.321713924408,40000016,6832194,5.8546,3492402,79555,0.5112,0.0116,2.2779%,1.9889,1764767,22.183,44.1192,20000016,3352973,5.9649,1748758,37881,0.5216,0.0113,2.1662%,1.894,843555,22.2686,42.1777
tage192,fp,fp_11_trace,297.7953281402588,Pass,573.9827225208282,40000016,7554261,5.295,3526510,24201,0.4668,0.0032,0.6863%,0.605,533931,22.0624,13.3483,20000016,3646376,5.4849,1776440,11651,0.4872,0.0032,0.6559%,0.5825,251035,21.5462,12.5517
tage192,fp,fp_12_trace,48.49573421478272,Pass,456.3496057987213,40000016,8055017,4.9659,4420257,46879,0.5488,0.0058,1.0605%,1.172,2919716,62.282,72.9929,20000016,3901944,5.1257,2222665,20473,0.5696,0.0052,0.9211%,1.0236,1288450,62.9341,64.4224
tage192,fp,fp_13_trace,84.63656806945801,Pass,388.7961664199829,40000016,15053120,2.6573,6454282,497265,0.4288,0.033,7.7044%,12.4316,10529148,21.1741,263.2286,20000016,7367846,2.7145,3233671,247917,0.4389,0.0336,7.6667%,12.3958,5161262,20.8185,258.0629
tage192,fp,fp_1_trace,42.69381523132324,Pass,250.5676028728485,30000052,30422410,0.9861,5950800,466988,0.1956,0.0154,7.8475%,15.5662,26720018,57.2178,890.6657,15000052,15221422,0.9855,2965791,234475,0.1948,0.0154,7.9060%,15.6316,13380049,57.0639,892.0002
tage192,fp,fp_2_trace,113.98153591156006,Pass,356.300829410553,30000052,6207186,4.8331,2471756,76472,0.3982,0.0123,3.0938%,2.5491,2688687,35.1591,89.6227,15000052,3060958,4.9004,1232306,38871,0.4026,0.0127,3.1543%,2.5914,1348430,34.6899,89.895
tage192,fp,fp_3_trace,223.02585411071777,Pass,417.3538484573364,30000052,12710912,2.3602,1539997,58611,0.1212,0.0046,3.8059%,1.9537,6575842,112.1947,219.1944,15000052,6335338,2.3677,770204,29645,0.1216,0.0047,3.8490%,1.9763,3304943,111.484,220.3288
tage192,fp,fp_4_trace,106.30326175689696,Pass,362.68362379074097,30000052,6533222,4.5919,2573337,17178,0.3939,0.0026,0.6675%,0.5726,1003982,58.4458,33.466,15000052,2606539,5.7548,1285217,6631,0.4931,0.0025,0.5159%,0.4421,282487,42.601,18.8324
tage192,fp,fp_5_trace,332.9483413696289,Pass,590.0792682170868,40000016,7570980,5.2833,740391,37480,0.0978,0.005,5.0622%,0.937,1286161,34.3159,32.154,20000016,3748646,5.3353,370890,18567,0.0989,0.005,5.0061%,0.9283,640086,34.4744,32.0043
tage192,fp,fp_6_trace,63.58891201019287,Pass,412.9713373184204,40000016,5779677,6.9208,7034423,38259,1.2171,0.0066,0.5439%,0.9565,1437025,37.5604,35.9256,20000016,2805532,7.1288,3515104,17828,1.2529,0.0064,0.5072%,0.8914,673202,37.7609,33.6601
tage192,fp,fp_7_trace,159.0718936920166,Pass,509.1269764900208,40000016,7762588,5.1529,4716883,41113,0.6076,0.0053,0.8716%,1.0278,1807927,43.9746,45.1982,20000016,3650488,5.4787,2394520,17148,0.6559,0.0047,0.7161%,0.8574,756840,44.1358,37.842
tage192,fp,fp_8_trace,211.10272789001465,Pass,500.0693359375,40000016,12926871,3.0943,2322129,298964,0.1796,0.0231,12.8746%,7.4741,6868887,22.9756,171.7221,20000016,7182773,2.7844,1347173,210832,0.1876,0.0294,15.6500%,10.5416,4782726,22.685,239.1361
tage192,fp,fp_9_trace,143.53112411499023,Pass,508.037027835846,40000016,16283228,2.4565,5012816,168690,0.3079,0.0104,3.3652%,4.2172,11455127,67.9064,286.3781,20000016,7739533,2.5841,2500178,89204,0.323,0.0115,3.5679%,4.4602,5408058,60.6257,270.4027
tage192,infra,infra_0_trace,94.09143447875977,Pass,409.8882212638855,40000016,8832258,4.5289,5140781,50317,0.582,0.0057,0.9788%,1.2579,1462238,29.0605,36.5559,20000016,4391971,4.5538,2582400,25873,0.588,0.0059,1.0019%,1.2936,775158,29.9601,38.7579
tage192,infra,infra_10_trace,117.67702960968018,Pass,464.87294006347656,50000052,18313030,2.7303,6548159,262321,0.3576,0.0143,4.0060%,5.2464,13031537,49.6778,260.6305,25000052,6284288,3.9782,3150015,116095,0.5013,0.0185,3.6855%,4.6438,4030081,34.7136,161.2029
tage192,infra,infra_11_trace,209.3641147613525,Pass,495.6392822265625,50000052,18245065,2.7405,7754708,50040,0.425,0.0027,0.6453%,1.0008,3757396,75.0878,75.1478,25000052,9187811,2.721,3881908,23744,0.4225,0.0026,0.6117%,0.9498,2145202,90.3471,85.8079
tage192,infra,infra_12_trace,207.5736560821533,Pass,486.0375943183899,50000052,17440485,2.8669,7862103,49313,0.4508,0.0028,0.6272%,0.9863,3318774,67.3002,66.3754,25000052,8306454,3.0097,3927069,23034,0.4728,0.0028,0.5865%,0.9214,1633731,70.9269,65.3491
tage192,infra,infra_13_trace,139.63556957244873,Pass,452.9668333530426,50000052,20377060,2.4537,6532412,204788,0.3206,0.01,3.1350%,4.0958,13574285,66.2846,271.4854,25000052,9611905,2.6009,3378036,83078,0.3514,0.0086,2.4594%,3.3231,5102695,61.4205,204.1074
tage192,infra,infra_14_trace,118.4549331665039,Pass,464.8506088256836,50000052,17831282,2.8041,6536492,264610,0.3666,0.0148,4.0482%,5.2922,12721431,48.0762,254.4284,25000052,6264663,3.9906,3156210,115313,0.5038,0.0184,3.6535%,4.6125,4015490,34.8225,160.6193
tage192,infra,infra_15_trace,101.22027969360352,Pass,447.2355015277863,50000052,34256407,1.4596,6957507,416202,0.2031,0.0121,5.9821%,8.324,29726503,71.4233,594.5294,25000052,6311977,3.9607,3466846,141848,0.5492,0.0225,4.0916%,5.6739,4031294,28.4198,161.2514
tage192,infra,infra_1_trace,175.13615703582764,Pass,383.79523730278015,37799521,8178552,4.6218,4337669,13056,0.5304,0.0016,0.3010%,0.3454,578029,44.2731,15.292,19799521,3726419,5.3133,2263258,3712,0.6074,0.001,0.1640%,0.1875,123582,33.2926,6.2417
tage192,infra,infra_2_trace,221.61112022399905,Pass,765.2328724861145,47546686,10567547,4.4993,5818731,19304,0.5506,0.0018,0.3318%,0.406,645610,33.4444,13.5784,24546686,4282374,5.732,2997214,5470,0.6999,0.0013,0.1825%,0.2228,106504,19.4706,4.3388
tage192,infra,infra_3_trace,83.57435989379883,Pass,405.7061421871185,40000016,8052959,4.9671,5433078,41690,0.6747,0.0052,0.7673%,1.0422,1076192,25.8142,26.9048,20000016,3995402,5.0058,2737308,19276,0.6851,0.0048,0.7042%,0.9638,510367,26.4768,25.5183
tage192,infra,infra_4_trace,84.87091732025146,Pass,450.8338315486908,40000016,23891055,1.6743,5988066,97467,0.2506,0.0041,1.6277%,2.4367,12182728,124.9934,304.5681,20000016,11953710,1.6731,2971304,49167,0.2486,0.0041,1.6547%,2.4583,6117869,124.4304,305.8932
tage192,infra,infra_5_trace,58.87110328674317,Pass,481.0376195907593,40000016,34491239,1.1597,7268207,88128,0.2107,0.0026,1.2125%,2.2032,26304497,298.4806,657.6122,20000016,22160646,0.9025,3539219,62791,0.1597,0.0028,1.7741%,3.1395,18320391,291.7678,916.0188
tage192,infra,infra_6_trace,168.09687328338623,Pass,658.992192029953,64718349,15312813,4.2264,9187928,78005,0.6,0.0051,0.8490%,1.2053,3064131,39.2812,47.3456,32718349,7695530,4.2516,5004718,37770,0.6503,0.0049,0.7547%,1.1544,1745335,46.2096,53.3442
tage192,infra,infra_7_trace,65.31903553009033,Pass,475.2526977062225,40000016,21719948,1.8416,6716982,57821,0.3093,0.0027,0.8608%,1.4455,7959226,137.6529,198.9806,20000016,11150901,1.7936,3345402,16132,0.3,0.0014,0.4822%,0.8066,3325671,206.1537,166.2834
tage192,infra,infra_8_trace,54.09443473815918,Pass,499.3972935676575,40000016,24566111,1.6283,7460282,50147,0.3037,0.002,0.6722%,1.2537,15871678,316.503,396.7918,20000016,12248865,1.6328,3730712,24863,0.3046,0.002,0.6664%,1.2431,7894213,317.5085,394.7103
tage192,infra,infra_9_trace,141.69822597503662,Pass,480.67385935783386,50000052,29063814,1.7204,7203244,226672,0.2478,0.0078,3.1468%,4.5334,19441942,85.7713,388.8384,25000052,17143603,1.4583,3405201,170942,0.1986,0.01,5.0200%,6.8377,14522150,84.9537,580.8848
tage192,int,int_0_trace,137.11144542694092,Pass,638.0850684642792,40000041,14622020,2.7356,6223265,199876,0.4256,0.0137,3.2118%,4.9969,9921926,49.6404,248.0479,20000041,6481366,3.0858,3076555,97277,0.4747,0.015,3.1619%,4.8638,4247301,43.6619,212.3646
tage192,int,int_10_trace,204.85591316223145,Pass,906.7121880054474,60000052,9654905,6.2145,7032592,31434,0.7284,0.0033,0.4470%,0.5239,861301,27.4003,14.355,30000052,4461518,6.7242,3499163,14787,0.7843,0.0033,0.4226%,0.4929,342599,23.1689,11.4199
tage192,int,int_11_trace,203.19092559814453,Pass,882.505322933197,60000052,16328985,3.6745,4130584,243316,0.253,0.0149,5.8906%,4.0553,8895007,36.5574,148.25,30000052,8156978,3.6778,2064453,122629,0.2531,0.015,5.9400%,4.0876,4475635,36.4974,149.1876
tage192,int,int_12_trace,204.59925079345703,Pass,984.0360147953032,59999603,18412178,3.2587,6357220,25356,0.3453,0.0014,0.3989%,0.4226,977510,38.5514,16.2919,30999603,4928296,6.2901,4522132,24198,0.9176,0.0049,0.5351%,0.7806,897780,37.1014,28.961
tage192,int,int_13_trace,32.30572509765625,Pass,635.0198786258698,40000052,6204875,6.4466,4243961,35291,0.684,0.0057,0.8316%,0.8823,1031559,29.2301,25.7889,20000052,3038219,6.5828,2111572,16391,0.695,0.0054,0.7762%,0.8195,488300,29.7907,24.4149
tage192,int,int_14_trace,177.29002475738525,Pass,695.4212651252747,39999640,6977336,5.7328,7635435,15194,1.0943,0.0022,0.1990%,0.3799,387751,25.52,9.6939,20999640,3391960,6.191,3974167,6467,1.1716,0.0019,0.1627%,0.308,148803,23.0096,7.086
tage192,int,int_15_trace,98.1560001373291,Pass,994.5523083209991,70000157,18490120,3.7858,9192864,32915,0.4972,0.0018,0.3580%,0.4702,1837048,55.8119,26.2435,35000157,9293628,3.766,4669511,31172,0.5024,0.0034,0.6676%,0.8906,1465408,47.0104,41.8686
tage192,int,int_16_trace,128.2670030593872,Pass,719.0259230136871,40000031,17264741,2.3169,6733574,225378,0.39,0.0131,3.3471%,5.6344,5442662,24.149,136.0664,20000031,7190277,2.7815,3364149,113745,0.4679,0.0158,3.3811%,5.6872,2610811,22.9532,130.5403
tage192,int,int_17_trace,128.60758018493652,Pass,718.3087358474731,39999987,15457658,2.5877,6659971,190252,0.4309,0.0123,2.8566%,4.7563,4614859,24.2566,115.3715,20999987,6054907,3.4683,3432362,84548,0.5669,0.014,2.4633%,4.0261,1963185,23.2198,93.4851
tage192,int,int_18_trace,108.31880569458008,Pass,770.1469421386719,39999864,10742418,3.7235,9457814,30656,0.8804,0.0029,0.3241%,0.7664,1408784,45.9546,35.2197,20999864,5112282,4.1077,4985263,12333,0.9752,0.0024,0.2474%,0.5873,525663,42.6225,25.0317
tage192,int,int_19_trace,184.28955841064453,Pass,708.8788409233093,40000052,7965813,5.0215,5852871,31287,0.7347,0.0039,0.5346%,0.7822,1348474,43.1001,33.7118,20000052,3755534,5.3255,2929049,11837,0.7799,0.0032,0.4041%,0.5918,555535,46.9321,27.7767
tage192,int,int_1_trace,92.84952068328856,Pass,535.5775804519653,30000052,18699651,1.6043,5301134,342798,0.2835,0.0183,6.4665%,11.4266,14737101,42.9906,491.2358,15000052,8904291,1.6846,2642836,169884,0.2968,0.0191,6.4281%,11.3256,6956562,40.9489,463.7692
tage192,int,int_20_trace,187.00185585021973,Pass,912.1584765911102,60000051,16800407,3.5713,9561405,142619,0.5691,0.0085,1.4916%,2.377,4732632,33.1837,78.8771,30000051,6861117,4.3725,4877083,66235,0.7108,0.0097,1.3581%,2.2078,1901184,28.7036,63.3727
tage192,int,int_21_trace,91.63193035125732,Pass,673.1775040626526,40000052,45539144,0.8784,9059172,947630,0.1989,0.0208,10.4604%,23.6907,40609227,42.8535,1015.2294,20000052,22443733,0.8911,4504449,485878,0.2007,0.0216,10.7866%,24.2938,19948196,41.056,997.4072
tage192,int,int_22_trace,96.68442058563232,Pass,778.0083594322205,40000052,22154457,1.8055,6671960,193104,0.3012,0.0087,2.8943%,4.8276,14699684,76.1231,367.4916,20000052,10852300,1.8429,3314359,94326,0.3054,0.0087,2.8460%,4.7163,7158904,75.8953,357.9443
tage192,int,int_23_trace,182.35865116119385,Pass,728.4240691661835,40000052,18461288,2.1667,5329093,136523,0.2887,0.0074,2.5618%,3.4131,6208646,45.4769,155.2159,20000052,8575910,2.3321,2669216,65637,0.3112,0.0077,2.4590%,3.2818,2641524,40.2444,132.0759
tage192,int,int_24_trace,145.2402381896973,Pass,822.5688259601593,40000051,14569130,2.7455,8385203,21776,0.5755,0.0015,0.2597%,0.5444,2601164,119.451,65.029,20000051,6917441,2.8912,4599578,9065,0.6649,0.0013,0.1971%,0.4532,1129248,124.5723,56.4623
tage192,int,int_25_trace,169.04896354675293,Pass,705.2442157268524,40000052,7671544,5.2141,2766410,52137,0.3606,0.0068,1.8846%,1.3034,1984643,38.0659,49.616,20000052,4226006,4.7326,1541724,45203,0.3648,0.0107,2.9320%,2.2601,1514825,33.5116,75.7411
tage192,int,int_26_trace,197.1726722717285,Pass,689.8619954586029,40000052,6769575,5.9088,2130479,50245,0.3147,0.0074,2.3584%,1.2561,1745615,34.7421,43.6403,20000052,3175593,6.2981,1067816,23003,0.3363,0.0072,2.1542%,1.1501,829667,36.0678,41.4832
tage192,int,int_27_trace,219.7056255340576,Pass,715.3079495429993,40000052,6339261,6.3099,1891315,32773,0.2983,0.0052,1.7328%,0.8193,1099632,33.553,27.4908,20000052,2936064,6.8119,940632,13752,0.3204,0.0047,1.4620%,0.6876,483277,35.1423,24.1638
tage192,int,int_28_trace,185.9219560623169,Pass,625.6313562393188,40000052,8282049,4.8297,4006233,135683,0.4837,0.0164,3.3868%,3.3921,3493277,25.7459,87.3318,20000052,4003839,4.9952,1994428,62510,0.4981,0.0156,3.1342%,3.1255,1636277,26.1762,81.8136
tage192,int,int_29_trace,181.88746547698972,Pass,671.1307623386383,40000052,15401377,2.5972,4048870,466689,0.2629,0.0303,11.5264%,11.6672,11515734,24.6754,287.893,20000052,7420013,2.6954,2031315,225121,0.2738,0.0303,11.0825%,11.256,5507496,24.4646,275.3741
tage192,int,int_2_trace,94.08823490142822,Pass,539.6907470226288,30000052,18737702,1.6011,5366311,322143,0.2864,0.0172,6.0031%,10.7381,14736265,45.7445,491.208,15000052,8743421,1.7156,2681980,158416,0.3067,0.0181,5.9067%,10.561,6777101,42.7804,451.8052
tage192,int,int_30_trace,182.9177484512329,Pass,689.5262632369995,40000052,15676465,2.5516,4219863,482072,0.2692,0.0308,11.4239%,12.0518,11751881,24.3779,293.7966,20000052,7570053,2.642,2099953,231610,0.2774,0.0306,11.0293%,11.5805,5636380,24.3357,281.8183
tage192,int,int_31_trace,118.0513105392456,Pass,653.6694529056549,40000052,4580606,8.7325,4773947,26742,1.0422,0.0058,0.5602%,0.6685,524159,19.6006,13.104,20000052,2173543,9.2016,2359187,9213,1.0854,0.0042,0.3905%,0.4606,182610,19.8209,9.1305
tage192,int,int_32_trace,317.2076416015625,Pass,1236.535926103592,110000052,85487934,1.2867,12636052,728758,0.1478,0.0085,5.7673%,6.6251,73315967,100.604,666.5085,55000052,37577176,1.4637,6322521,358123,0.1683,0.0095,5.6642%,6.5113,31573044,88.1626,574.0548
tage192,int,int_33_trace,310.41816425323486,Pass,1211.5290648937223,110000052,53462399,2.0575,16062450,837456,0.3004,0.0157,5.2138%,7.6132,41725967,49.8247,379.3268,55000052,25842319,2.1283,7710997,426782,0.2984,0.0165,5.5347%,7.7597,20103082,47.1039,365.5102
tage192,int,int_34_trace,112.3776216506958,Pass,607.6303086280823,40000052,11100546,3.6034,6380286,118613,0.5748,0.0107,1.8591%,2.9653,5568249,46.9447,139.206,20000052,4901649,4.0803,3101677,61281,0.6328,0.0125,1.9757%,3.064,2511733,40.9871,125.5863
tage192,int,int_35_trace,119.88736820220949,Pass,631.7808256149292,40000048,11355706,3.5225,5671843,90247,0.4995,0.0079,1.5911%,2.2562,5101777,56.5313,127.5443,20000048,5462360,3.6614,2842811,41878,0.5204,0.0077,1.4731%,2.0939,2385697,56.9678,119.2846
tage192,int,int_36_trace,201.8018684387207,Pass,886.3830933570862,53761949,34396696,1.563,7755130,156219,0.2255,0.0045,2.0144%,2.9058,8407404,53.8181,156.3821,27761949,14726723,1.8851,4116890,72347,0.2796,0.0049,1.7573%,2.606,3624155,50.0941,130.544
tage192,int,int_3_trace,96.88034057617188,Pass,707.9081852436066,40000052,7034231,5.6865,4722773,33793,0.6714,0.0048,0.7155%,0.8448,970518,28.7195,24.2629,20000052,3552311,5.6302,2249610,18710,0.6333,0.0053,0.8317%,0.9355,470380,25.1406,23.5189
tage192,int,int_4_trace,188.2430238723755,Pass,902.5279638767242,59999657,13484491,4.4495,7683892,229641,0.5698,0.017,2.9886%,3.8274,4961649,21.6061,82.6946,30999657,6705090,4.6233,4061423,113789,0.6057,0.017,2.8017%,3.6707,2418850,21.2573,78.0283
tage192,int,int_5_trace,138.47165870666504,Pass,428.9066596031189,30000052,6637446,4.5198,2565027,85305,0.3864,0.0129,3.3257%,2.8435,3083371,36.1453,102.7789,15000052,3305370,4.5381,1297750,41848,0.3926,0.0127,3.2247%,2.7899,1541940,36.8462,102.7956
tage192,int,int_6_trace,130.25432968139648,Pass,414.7399418354034,30000052,7610210,3.9421,3119970,88468,0.41,0.0116,2.8355%,2.9489,3922798,44.3414,130.7597,15000052,3750347,3.9996,1567043,43048,0.4178,0.0115,2.7471%,2.8699,1937269,45.0025,129.1508
tage192,int,int_7_trace,128.17397212982178,Pass,437.829029083252,40000048,13750190,2.9091,5944145,175533,0.4323,0.0128,2.9530%,4.3883,4287150,24.4236,107.1786,20000048,5618977,3.5594,3000751,72719,0.534,0.0129,2.4234%,3.6359,1743971,23.9823,87.1983
tage192,int,int_8_trace,137.59827327728271,Pass,433.44932889938354,40000052,15364483,2.6034,5678944,233497,0.3696,0.0152,4.1116%,5.8374,5637911,24.1455,140.9476,20000052,6025391,3.3193,2813189,101990,0.4669,0.0169,3.6254%,5.0995,2399770,23.5295,119.9882
tage192,int,int_9_trace,152.5840139389038,Pass,427.22292160987854,40000050,13491772,2.9648,5800876,147705,0.43,0.0109,2.5463%,3.6926,3651475,24.7214,91.2868,20000050,5497814,3.6378,2893544,64046,0.5263,0.0116,2.2134%,3.2023,1557399,24.3169,77.8698
tage192,media,media_0_trace,111.51635646820068,Pass,191.50568175315857,20000044,3356039,5.9594,1125035,21820,0.3352,0.0065,1.9395%,1.091,584402,26.7829,29.22,10000044,1479310,6.7599,559613,8239,0.3783,0.0056,1.4723%,0.8239,228274,27.7065,22.8273
tage192,media,media_1_trace,93.95407485961914,Pass,189.48761653900144,20000048,3551778,5.631,1052168,21484,0.2962,0.006,2.0419%,1.0742,586332,27.2916,29.3165,10000048,1539375,6.4962,496668,6259,0.3226,0.0041,1.2602%,0.6259,185902,29.7015,18.5901
tage192,media,media_2_trace,114.14013576507568,Pass,236.04774260520932,20000038,3102235,6.447,682290,10231,0.2199,0.0033,1.4995%,0.5115,591642,57.8284,29.582,10000038,1660486,6.0224,342782,6997,0.2064,0.0042,2.0412%,0.6997,387934,55.4429,38.7933
tage192,media,media_3_trace,113.6968765258789,Pass,194.8433134555817,20000046,3491445,5.7283,1130407,25902,0.3238,0.0074,2.2914%,1.2951,691055,26.6796,34.5527,10000046,1579447,6.3314,568763,11241,0.3601,0.0071,1.9764%,1.1241,312359,27.7875,31.2358
tage192,web,web_0_trace,104.021315574646,Pass,640.5528817176819,39999493,19619419,2.0388,11904941,52688,0.6068,0.0027,0.4426%,1.3172,6187327,117.4333,154.6851,20999493,9695795,2.1658,6370198,19111,0.657,0.002,0.3000%,0.9101,2173479,113.7292,103.5015
tage192,web,web_10_trace,67.32332420349121,Pass,310.73467350006104,19999796,11041291,1.8114,2621960,56615,0.2375,0.0051,2.1593%,2.8308,1820112,32.1489,91.0065,10999796,3294615,3.3387,1436395,24415,0.436,0.0074,1.6997%,2.2196,675420,27.6641,61.403
tage192,web,web_11_trace,43.46553611755371,Pass,163.2698438167572,10001443,11449200,0.8735,1391369,46133,0.1215,0.004,3.3157%,4.6126,1950678,42.2838,195.0397,5001443,5018274,0.9966,674449,22660,0.1344,0.0045,3.3598%,4.5307,887897,39.1835,177.5282
tage192,web,web_12_trace,61.48514461517334,Pass,244.4651448726654,15000009,9179797,1.634,2254326,59192,0.2456,0.0064,2.6257%,3.9461,1989010,33.6027,132.6006,8000009,4256144,1.8796,1175254,36912,0.2761,0.0087,3.1408%,4.614,1118336,30.2974,139.7918
tage192,web,web_13_trace,134.68522262573242,Pass,495.9215190410614,39999813,16827783,2.377,4813533,117358,0.286,0.007,2.4381%,2.934,3772650,32.1465,94.3167,20999813,7088702,2.9624,2687998,54228,0.3792,0.0076,2.0174%,2.5823,1899106,35.0208,90.4344
tage192,web,web_14_trace,235.48800468444824,Pass,736.7047307491302,70000043,19751476,3.544,11059737,252416,0.5599,0.0128,2.2823%,3.6059,10626766,42.1002,151.8108,35000043,8524966,4.1056,5268168,98157,0.618,0.0115,1.8632%,2.8045,4169167,42.4745,119.1189
tage192,web,web_15_trace,61.94837951660156,Pass,252.22964119911197,14999858,7897011,1.8994,2411251,76400,0.3053,0.0097,3.1685%,5.0934,2308709,30.2187,153.9154,7999858,3224004,2.4813,1229867,33488,0.3815,0.0104,2.7229%,4.1861,897961,26.8144,112.2471
tage192,web,web_16_trace,61.72074699401856,Pass,317.6986050605774,20000052,9905939,2.019,1486259,31506,0.15,0.0032,2.1198%,1.5753,1191841,37.829,59.5919,10000052,6882518,1.453,732871,21588,0.1065,0.0031,2.9457%,2.1588,813370,37.677,81.3366
tage192,web,web_17_trace,54.710463523864746,Pass,216.95207858085632,15000021,6108728,2.4555,2215426,21791,0.3627,0.0036,0.9836%,1.4527,899161,41.263,59.944,8000021,2275257,3.5161,1069158,4873,0.4699,0.0021,0.4558%,0.6091,164551,33.7679,20.5688
tage192,web,web_18_trace,40.12125015258789,Pass,154.0870566368103,15000059,3926106,3.8206,1853795,41520,0.4722,0.0106,2.2397%,2.768,2038105,49.0873,135.8731,8000059,1975841,4.0489,994147,20623,0.5032,0.0104,2.0744%,2.5779,1022142,49.5632,127.7668
tage192,web,web_19_trace,46.80075454711914,Pass,243.6096229553223,15000016,9434946,1.5898,2562002,76435,0.2715,0.0081,2.9834%,5.0957,2363103,30.9165,157.54,8000016,4289061,1.8652,1380363,49860,0.3218,0.0116,3.6121%,6.2325,1195793,23.983,149.4738
tage192,web,web_1_trace,158.93916416168213,Pass,415.9356760978699,39999048,11952337,3.3465,5515292,128322,0.4614,0.0107,2.3267%,3.2081,4405865,34.3344,110.1492,20999048,4940173,4.2507,2909408,67923,0.5889,0.0137,2.3346%,3.2346,1907710,28.0864,90.8475
tage192,web,web_20_trace,91.22524166107178,Pass,229.2928740978241,20000004,10235541,1.954,3186911,64612,0.3114,0.0063,2.0274%,3.2306,1997132,30.9096,99.8566,10000004,3733579,2.6784,1586755,17915,0.425,0.0048,1.1290%,1.7915,563134,31.4337,56.3134
tage192,web,web_21_trace,37.0328950881958,Pass,214.4559485912323,15000054,5924327,2.5319,2614946,23624,0.4414,0.004,0.9034%,1.5749,2024385,85.6919,134.9585,8000054,4733057,1.6903,1411368,18683,0.2982,0.0039,1.3238%,2.3354,1835068,98.2213,229.382
tage192,web,web_22_trace,51.9125394821167,Pass,285.05754566192627,20000051,5960597,3.3554,2417352,65623,0.4056,0.011,2.7147%,3.2811,2954879,45.0281,147.7436,10000051,2622181,3.8136,1222376,30331,0.4662,0.0116,2.4813%,3.0331,1411206,46.5269,141.1199
tage192,web,web_23_trace,60.17267894744873,Pass,270.7365834712982,20000047,6280909,3.1843,3286069,20189,0.5232,0.0032,0.6144%,1.0094,745366,36.9194,37.2682,10000047,4562530,2.1918,1544231,15400,0.3385,0.0034,0.9973%,1.54,555815,36.0919,55.5812
tage192,web,web_24_trace,80.5669527053833,Pass,170.69782257080078,14999923,8332981,1.8001,1985890,25707,0.2383,0.0031,1.2945%,1.7138,806358,31.3673,53.7575,7999923,3983352,2.0083,1067447,12002,0.268,0.003,1.1244%,1.5003,358525,29.8721,44.8161
tage192,web,web_25_trace,46.08135795593262,Pass,152.53192806243896,14999989,7281113,2.0601,2548670,88296,0.35,0.0121,3.4644%,5.8864,3036546,34.3905,202.4365,7999989,2981496,2.6832,1342253,52256,0.4502,0.0175,3.8932%,6.532,1741414,33.3247,217.677
tage192,web,web_2_trace,126.7424545288086,Pass,464.4833369255066,39999746,11870776,3.3696,5842811,151742,0.4922,0.0128,2.5971%,3.7936,4251208,28.016,106.2809,20999746,5741323,3.6576,3176039,83357,0.5532,0.0145,2.6246%,3.9694,2482366,29.7799,118.2093
tage192,web,web_3_trace,134.2002592086792,Pass,400.217762708664,39999981,12059640,3.3168,6018442,142760,0.4991,0.0118,2.3720%,3.569,4375323,30.6481,109.3831,20999981,5472533,3.8373,3382696,63493,0.6181,0.0116,1.8770%,3.0235,2311985,36.4132,110.0946
tage192,web,web_4_trace,107.63480854034424,Pass,492.73721957206726,39999718,13163755,3.0386,6265226,163628,0.4759,0.0124,2.6117%,4.0907,4884392,29.8506,122.1107,20999718,6230554,3.3704,3426349,74221,0.5499,0.0119,2.1662%,3.5344,2115080,28.4971,100.7194
tage192,web,web_5_trace,119.46124076843262,Pass,463.3174889087677,39999694,12217813,3.2739,6198022,172605,0.5073,0.0141,2.7848%,4.3152,4563070,26.4365,114.0776,20999694,6323133,3.3211,3330435,101284,0.5267,0.016,3.0412%,4.8231,2609741,25.7666,124.2752
tage192,web,web_6_trace,115.35440254211426,Pass,474.9239058494568,40000022,13000047,3.0769,6002648,185519,0.4617,0.0143,3.0906%,4.638,5502611,29.6606,137.5652,20000022,6785143,2.9476,2962421,114737,0.4366,0.0169,3.8731%,5.7368,3373769,29.4044,168.6883
tage192,web,web_7_trace,41.589111328125,Pass,409.1470818519592,39999850,9411769,4.25,6633962,246505,0.7049,0.0262,3.7158%,6.1626,4607073,18.6896,115.1773,20999850,4575989,4.5891,3471337,118520,0.7586,0.0259,3.4142%,5.6438,2044668,17.2517,97.3658
tage192,web,web_8_trace,110.87185478210448,Pass,509.2848591804504,39999955,13781867,2.9024,6210740,185205,0.4506,0.0134,2.9820%,4.6301,4978251,26.8797,124.4564,20999955,5721519,3.6703,3431526,81843,0.5998,0.0143,2.3850%,3.8973,2129081,26.0142,101.385
tage192,web,web_9_trace,113.31267833709715,Pass,510.0615589618683,39999863,13943631,2.8687,6952037,99389,0.4986,0.0071,1.4296%,2.4847,2528066,25.4361,63.2019,20999863,4401326,4.7713,4136031,2642,0.9397,0.0006,0.0639%,0.1258,51506,19.4951,2.4527
